;Buying_Price;Maintenance_Price;No_of_Doors;Person_Capacity;Size_of_Luggage;Safety;Fuel_Type;Horse_power;Car_Acceptability
0;vhigh;vhigh;2;2;small;low;petrol;238;unacc
1;vhigh;vhigh;2;2;small;med;hybrid;232;unacc
2;vhigh;vhigh;2;2;small;high;hybrid;285;unacc
3;vhigh;vhigh;2;2;med;low;diesel;321;unacc
4;vhigh;vhigh;2;2;med;med;hybrid;175;unacc
5;vhigh;vhigh;2;2;med;high;diesel;112;unacc
6;vhigh;vhigh;2;2;big;low;electric;285;unacc
7;vhigh;vhigh;2;2;big;med;hybrid;148;unacc
8;vhigh;vhigh;2;2;big;high;electric;289;unacc
9;vhigh;vhigh;2;4;small;low;electric;194;unacc
10;vhigh;vhigh;2;4;small;med;electric;289;unacc
11;vhigh;vhigh;2;4;small;high;petrol;236;unacc
12;vhigh;vhigh;2;4;med;low;diesel;306;unacc
13;vhigh;vhigh;2;4;med;med;hybrid;155;unacc
14;vhigh;vhigh;2;4;med;high;hybrid;329;unacc
15;vhigh;vhigh;2;4;big;low;hybrid;325;unacc
16;vhigh;vhigh;2;4;big;med;hybrid;328;unacc
17;vhigh;vhigh;2;4;big;high;diesel;259;unacc
18;vhigh;vhigh;2;more;small;low;electric;154;unacc
19;vhigh;vhigh;2;more;small;med;hybrid;129;unacc
20;vhigh;vhigh;2;more;small;high;hybrid;195;unacc
21;vhigh;vhigh;2;more;med;low;petrol;180;unacc
22;vhigh;vhigh;2;more;med;med;hybrid;247;unacc
23;vhigh;vhigh;2;more;med;high;hybrid;301;unacc
24;vhigh;vhigh;2;more;big;low;electric;341;unacc
25;vhigh;vhigh;2;more;big;med;diesel;237;unacc
26;vhigh;vhigh;2;more;big;high;petrol;313;unacc
27;vhigh;vhigh;3;2;small;low;diesel;171;unacc
28;vhigh;vhigh;3;2;small;med;electric;307;unacc
29;vhigh;vhigh;3;2;small;high;electric;253;unacc
30;vhigh;vhigh;3;2;med;low;electric;133;unacc
31;vhigh;vhigh;3;2;med;med;hybrid;176;unacc
32;vhigh;vhigh;3;2;med;high;hybrid;176;unacc
33;vhigh;vhigh;3;2;big;low;hybrid;253;unacc
34;vhigh;vhigh;3;2;big;med;electric;301;unacc
35;vhigh;vhigh;3;2;big;high;petrol;214;unacc
36;vhigh;vhigh;3;4;small;low;diesel;277;unacc
37;vhigh;vhigh;3;4;small;med;electric;228;unacc
38;vhigh;vhigh;3;4;small;high;electric;166;unacc
39;vhigh;vhigh;3;4;med;low;electric;323;unacc
40;vhigh;vhigh;3;4;med;med;hybrid;348;unacc
41;vhigh;vhigh;3;4;med;high;hybrid;104;unacc
42;vhigh;vhigh;3;4;big;low;petrol;235;unacc
43;vhigh;vhigh;3;4;big;med;hybrid;101;unacc
44;vhigh;vhigh;3;4;big;high;hybrid;116;unacc
45;vhigh;vhigh;3;more;small;low;diesel;119;unacc
46;vhigh;vhigh;3;more;small;med;diesel;286;unacc
47;vhigh;vhigh;3;more;small;high;hybrid;208;unacc
48;vhigh;vhigh;3;more;med;low;hybrid;230;unacc
49;vhigh;vhigh;3;more;med;med;diesel;152;unacc
50;vhigh;vhigh;3;more;med;high;electric;250;unacc
51;vhigh;vhigh;3;more;big;low;diesel;248;unacc
52;vhigh;vhigh;3;more;big;med;petrol;208;unacc
53;vhigh;vhigh;3;more;big;high;petrol;217;unacc
54;vhigh;vhigh;4;2;small;low;electric;326;unacc
55;vhigh;vhigh;4;2;small;med;hybrid;260;unacc
56;vhigh;vhigh;4;2;small;high;diesel;317;unacc
57;vhigh;vhigh;4;2;med;low;electric;285;unacc
58;vhigh;vhigh;4;2;med;med;diesel;266;unacc
59;vhigh;vhigh;4;2;med;high;electric;283;unacc
60;vhigh;vhigh;4;2;big;low;diesel;148;unacc
61;vhigh;vhigh;4;2;big;med;petrol;138;unacc
62;vhigh;vhigh;4;2;big;high;electric;133;unacc
63;vhigh;vhigh;4;4;small;low;diesel;140;unacc
64;vhigh;vhigh;4;4;small;med;electric;166;unacc
65;vhigh;vhigh;4;4;small;high;electric;323;unacc
66;vhigh;vhigh;4;4;med;low;electric;170;unacc
67;vhigh;vhigh;4;4;med;med;diesel;327;unacc
68;vhigh;vhigh;4;4;med;high;diesel;195;unacc
69;vhigh;vhigh;4;4;big;low;hybrid;315;unacc
70;vhigh;vhigh;4;4;big;med;diesel;143;unacc
71;vhigh;vhigh;4;4;big;high;diesel;333;unacc
72;vhigh;vhigh;4;more;small;low;electric;105;unacc
73;vhigh;vhigh;4;more;small;med;electric;125;unacc
74;vhigh;vhigh;4;more;small;high;electric;176;unacc
75;vhigh;vhigh;4;more;med;low;electric;118;unacc
76;vhigh;vhigh;4;more;med;med;diesel;347;unacc
77;vhigh;vhigh;4;more;med;high;electric;327;unacc
78;vhigh;vhigh;4;more;big;low;hybrid;187;unacc
79;vhigh;vhigh;4;more;big;med;electric;199;unacc
80;vhigh;vhigh;4;more;big;high;diesel;335;unacc
81;vhigh;vhigh;5more;2;small;low;electric;129;unacc
82;vhigh;vhigh;5more;2;small;med;electric;267;unacc
83;vhigh;vhigh;5more;2;small;high;hybrid;180;unacc
84;vhigh;vhigh;5more;2;med;low;diesel;184;unacc
85;vhigh;vhigh;5more;2;med;med;petrol;266;unacc
86;vhigh;vhigh;5more;2;med;high;electric;230;unacc
87;vhigh;vhigh;5more;2;big;low;hybrid;258;unacc
88;vhigh;vhigh;5more;2;big;med;petrol;255;unacc
89;vhigh;vhigh;5more;2;big;high;hybrid;143;unacc
90;vhigh;vhigh;5more;4;small;low;electric;146;unacc
91;vhigh;vhigh;5more;4;small;med;hybrid;285;unacc
92;vhigh;vhigh;5more;4;small;high;petrol;325;unacc
93;vhigh;vhigh;5more;4;med;low;diesel;201;unacc
94;vhigh;vhigh;5more;4;med;med;hybrid;209;unacc
95;vhigh;vhigh;5more;4;med;high;hybrid;126;unacc
96;vhigh;vhigh;5more;4;big;low;hybrid;138;unacc
97;vhigh;vhigh;5more;4;big;med;hybrid;160;unacc
98;vhigh;vhigh;5more;4;big;high;petrol;254;unacc
99;vhigh;vhigh;5more;more;small;low;hybrid;170;unacc
100;vhigh;vhigh;5more;more;small;med;electric;313;unacc
101;vhigh;vhigh;5more;more;small;high;diesel;217;unacc
102;vhigh;vhigh;5more;more;med;low;diesel;301;unacc
103;vhigh;vhigh;5more;more;med;med;petrol;283;unacc
104;vhigh;vhigh;5more;more;med;high;petrol;232;unacc
105;vhigh;vhigh;5more;more;big;low;diesel;322;unacc
106;vhigh;vhigh;5more;more;big;med;electric;137;unacc
107;vhigh;vhigh;5more;more;big;high;petrol;142;unacc
108;vhigh;high;2;2;small;low;petrol;314;unacc
109;vhigh;high;2;2;small;med;diesel;325;unacc
110;vhigh;high;2;2;small;high;diesel;236;unacc
111;vhigh;high;2;2;med;low;hybrid;135;unacc
112;vhigh;high;2;2;med;med;hybrid;328;unacc
113;vhigh;high;2;2;med;high;electric;185;unacc
114;vhigh;high;2;2;big;low;electric;211;unacc
115;vhigh;high;2;2;big;med;electric;242;unacc
116;vhigh;high;2;2;big;high;electric;200;unacc
117;vhigh;high;2;4;small;low;petrol;317;unacc
118;vhigh;high;2;4;small;med;petrol;289;unacc
119;vhigh;high;2;4;small;high;electric;209;unacc
120;vhigh;high;2;4;med;low;petrol;212;unacc
121;vhigh;high;2;4;med;med;diesel;213;unacc
122;vhigh;high;2;4;med;high;electric;197;unacc
123;vhigh;high;2;4;big;low;hybrid;326;unacc
124;vhigh;high;2;4;big;med;hybrid;144;unacc
125;vhigh;high;2;4;big;high;petrol;336;unacc
126;vhigh;high;2;more;small;low;electric;165;unacc
127;vhigh;high;2;more;small;med;hybrid;121;unacc
128;vhigh;high;2;more;small;high;petrol;266;unacc
129;vhigh;high;2;more;med;low;hybrid;100;unacc
130;vhigh;high;2;more;med;med;hybrid;212;unacc
131;vhigh;high;2;more;med;high;hybrid;231;unacc
132;vhigh;high;2;more;big;low;hybrid;268;unacc
133;vhigh;high;2;more;big;med;electric;310;unacc
134;vhigh;high;2;more;big;high;petrol;254;unacc
135;vhigh;high;3;2;small;low;hybrid;331;unacc
136;vhigh;high;3;2;small;med;petrol;139;unacc
137;vhigh;high;3;2;small;high;diesel;205;unacc
138;vhigh;high;3;2;med;low;petrol;342;unacc
139;vhigh;high;3;2;med;med;petrol;196;unacc
140;vhigh;high;3;2;med;high;petrol;309;unacc
141;vhigh;high;3;2;big;low;petrol;118;unacc
142;vhigh;high;3;2;big;med;hybrid;191;unacc
143;vhigh;high;3;2;big;high;hybrid;140;unacc
144;vhigh;high;3;4;small;low;petrol;129;unacc
145;vhigh;high;3;4;small;med;hybrid;249;unacc
146;vhigh;high;3;4;small;high;diesel;307;unacc
147;vhigh;high;3;4;med;low;petrol;228;unacc
148;vhigh;high;3;4;med;med;electric;176;unacc
149;vhigh;high;3;4;med;high;hybrid;244;unacc
150;vhigh;high;3;4;big;low;petrol;133;unacc
151;vhigh;high;3;4;big;med;hybrid;324;unacc
152;vhigh;high;3;4;big;high;diesel;286;unacc
153;vhigh;high;3;more;small;low;hybrid;131;unacc
154;vhigh;high;3;more;small;med;diesel;278;unacc
155;vhigh;high;3;more;small;high;diesel;127;unacc
156;vhigh;high;3;more;med;low;petrol;132;unacc
157;vhigh;high;3;more;med;med;petrol;128;unacc
158;vhigh;high;3;more;med;high;diesel;291;unacc
159;vhigh;high;3;more;big;low;electric;144;unacc
160;vhigh;high;3;more;big;med;petrol;206;unacc
161;vhigh;high;3;more;big;high;hybrid;301;unacc
162;vhigh;high;4;2;small;low;electric;228;unacc
163;vhigh;high;4;2;small;med;hybrid;294;unacc
164;vhigh;high;4;2;small;high;electric;315;unacc
165;vhigh;high;4;2;med;low;diesel;138;unacc
166;vhigh;high;4;2;med;med;hybrid;343;unacc
167;vhigh;high;4;2;med;high;hybrid;269;unacc
168;vhigh;high;4;2;big;low;hybrid;215;unacc
169;vhigh;high;4;2;big;med;petrol;277;unacc
170;vhigh;high;4;2;big;high;diesel;129;unacc
171;vhigh;high;4;4;small;low;electric;347;unacc
172;vhigh;high;4;4;small;med;hybrid;195;unacc
173;vhigh;high;4;4;small;high;hybrid;260;unacc
174;vhigh;high;4;4;med;low;diesel;144;unacc
175;vhigh;high;4;4;med;med;electric;262;unacc
176;vhigh;high;4;4;med;high;petrol;238;unacc
177;vhigh;high;4;4;big;low;petrol;318;unacc
178;vhigh;high;4;4;big;med;petrol;245;unacc
179;vhigh;high;4;4;big;high;petrol;155;unacc
180;vhigh;high;4;more;small;low;petrol;185;unacc
181;vhigh;high;4;more;small;med;diesel;288;unacc
182;vhigh;high;4;more;small;high;diesel;111;unacc
183;vhigh;high;4;more;med;low;hybrid;182;unacc
184;vhigh;high;4;more;med;med;hybrid;288;unacc
185;vhigh;high;4;more;med;high;hybrid;241;unacc
186;vhigh;high;4;more;big;low;diesel;285;unacc
187;vhigh;high;4;more;big;med;electric;138;unacc
188;vhigh;high;4;more;big;high;hybrid;308;unacc
189;vhigh;high;5more;2;small;low;electric;302;unacc
190;vhigh;high;5more;2;small;med;hybrid;243;unacc
191;vhigh;high;5more;2;small;high;diesel;294;unacc
192;vhigh;high;5more;2;med;low;hybrid;132;unacc
193;vhigh;high;5more;2;med;med;hybrid;196;unacc
194;vhigh;high;5more;2;med;high;hybrid;257;unacc
195;vhigh;high;5more;2;big;low;diesel;161;unacc
196;vhigh;high;5more;2;big;med;electric;349;unacc
197;vhigh;high;5more;2;big;high;diesel;166;unacc
198;vhigh;high;5more;4;small;low;electric;122;unacc
199;vhigh;high;5more;4;small;med;petrol;222;unacc
200;vhigh;high;5more;4;small;high;petrol;140;unacc
201;vhigh;high;5more;4;med;low;electric;346;unacc
202;vhigh;high;5more;4;med;med;diesel;346;unacc
203;vhigh;high;5more;4;med;high;electric;320;unacc
204;vhigh;high;5more;4;big;low;hybrid;178;unacc
205;vhigh;high;5more;4;big;med;hybrid;256;unacc
206;vhigh;high;5more;4;big;high;diesel;158;unacc
207;vhigh;high;5more;more;small;low;petrol;163;unacc
208;vhigh;high;5more;more;small;med;hybrid;182;unacc
209;vhigh;high;5more;more;small;high;petrol;272;unacc
210;vhigh;high;5more;more;med;low;petrol;106;unacc
211;vhigh;high;5more;more;med;med;hybrid;310;unacc
212;vhigh;high;5more;more;med;high;petrol;315;unacc
213;vhigh;high;5more;more;big;low;hybrid;231;unacc
214;vhigh;high;5more;more;big;med;hybrid;139;unacc
215;vhigh;high;5more;more;big;high;petrol;278;unacc
216;vhigh;med;2;2;small;low;hybrid;257;unacc
217;vhigh;med;2;2;small;med;petrol;104;unacc
218;vhigh;med;2;2;small;high;electric;268;unacc
219;vhigh;med;2;2;med;low;electric;222;unacc
220;vhigh;med;2;2;med;med;electric;237;unacc
221;vhigh;med;2;2;med;high;electric;201;unacc
222;vhigh;med;2;2;big;low;hybrid;299;unacc
223;vhigh;med;2;2;big;med;electric;300;unacc
224;vhigh;med;2;2;big;high;petrol;250;unacc
225;vhigh;med;2;4;small;low;diesel;307;unacc
226;vhigh;med;2;4;small;med;diesel;201;unacc
227;vhigh;med;2;4;small;high;petrol;179;acc
228;vhigh;med;2;4;med;low;diesel;270;unacc
229;vhigh;med;2;4;med;med;electric;257;unacc
230;vhigh;med;2;4;med;high;electric;160;acc
231;vhigh;med;2;4;big;low;diesel;249;unacc
232;vhigh;med;2;4;big;med;hybrid;183;acc
233;vhigh;med;2;4;big;high;petrol;233;acc
234;vhigh;med;2;more;small;low;hybrid;337;unacc
235;vhigh;med;2;more;small;med;hybrid;259;unacc
236;vhigh;med;2;more;small;high;petrol;209;unacc
237;vhigh;med;2;more;med;low;diesel;229;unacc
238;vhigh;med;2;more;med;med;hybrid;190;unacc
239;vhigh;med;2;more;med;high;petrol;109;acc
240;vhigh;med;2;more;big;low;hybrid;259;unacc
241;vhigh;med;2;more;big;med;electric;103;acc
242;vhigh;med;2;more;big;high;petrol;137;acc
243;vhigh;med;3;2;small;low;hybrid;116;unacc
244;vhigh;med;3;2;small;med;electric;331;unacc
245;vhigh;med;3;2;small;high;petrol;167;unacc
246;vhigh;med;3;2;med;low;petrol;281;unacc
247;vhigh;med;3;2;med;med;electric;325;unacc
248;vhigh;med;3;2;med;high;hybrid;337;unacc
249;vhigh;med;3;2;big;low;diesel;296;unacc
250;vhigh;med;3;2;big;med;electric;110;unacc
251;vhigh;med;3;2;big;high;hybrid;167;unacc
252;vhigh;med;3;4;small;low;petrol;190;unacc
253;vhigh;med;3;4;small;med;electric;254;unacc
254;vhigh;med;3;4;small;high;diesel;285;acc
255;vhigh;med;3;4;med;low;hybrid;158;unacc
256;vhigh;med;3;4;med;med;diesel;177;unacc
257;vhigh;med;3;4;med;high;electric;346;acc
258;vhigh;med;3;4;big;low;diesel;231;unacc
259;vhigh;med;3;4;big;med;petrol;126;acc
260;vhigh;med;3;4;big;high;petrol;227;acc
261;vhigh;med;3;more;small;low;electric;182;unacc
262;vhigh;med;3;more;small;med;hybrid;324;unacc
263;vhigh;med;3;more;small;high;diesel;150;acc
264;vhigh;med;3;more;med;low;petrol;182;unacc
265;vhigh;med;3;more;med;med;hybrid;190;acc
266;vhigh;med;3;more;med;high;electric;304;acc
267;vhigh;med;3;more;big;low;electric;245;unacc
268;vhigh;med;3;more;big;med;petrol;221;acc
269;vhigh;med;3;more;big;high;petrol;210;acc
270;vhigh;med;4;2;small;low;hybrid;261;unacc
271;vhigh;med;4;2;small;med;electric;231;unacc
272;vhigh;med;4;2;small;high;electric;302;unacc
273;vhigh;med;4;2;med;low;hybrid;203;unacc
274;vhigh;med;4;2;med;med;hybrid;333;unacc
275;vhigh;med;4;2;med;high;diesel;187;unacc
276;vhigh;med;4;2;big;low;diesel;246;unacc
277;vhigh;med;4;2;big;med;petrol;123;unacc
278;vhigh;med;4;2;big;high;electric;234;unacc
279;vhigh;med;4;4;small;low;hybrid;175;unacc
280;vhigh;med;4;4;small;med;diesel;304;unacc
281;vhigh;med;4;4;small;high;diesel;227;acc
282;vhigh;med;4;4;med;low;electric;338;unacc
283;vhigh;med;4;4;med;med;electric;111;acc
284;vhigh;med;4;4;med;high;electric;345;acc
285;vhigh;med;4;4;big;low;electric;265;unacc
286;vhigh;med;4;4;big;med;electric;255;acc
287;vhigh;med;4;4;big;high;diesel;101;acc
288;vhigh;med;4;more;small;low;petrol;176;unacc
289;vhigh;med;4;more;small;med;hybrid;315;unacc
290;vhigh;med;4;more;small;high;petrol;298;acc
291;vhigh;med;4;more;med;low;diesel;147;unacc
292;vhigh;med;4;more;med;med;petrol;161;acc
293;vhigh;med;4;more;med;high;electric;188;acc
294;vhigh;med;4;more;big;low;electric;225;unacc
295;vhigh;med;4;more;big;med;electric;317;acc
296;vhigh;med;4;more;big;high;hybrid;146;acc
297;vhigh;med;5more;2;small;low;petrol;333;unacc
298;vhigh;med;5more;2;small;med;electric;103;unacc
299;vhigh;med;5more;2;small;high;diesel;107;unacc
300;vhigh;med;5more;2;med;low;diesel;347;unacc
301;vhigh;med;5more;2;med;med;diesel;228;unacc
302;vhigh;med;5more;2;med;high;hybrid;230;unacc
303;vhigh;med;5more;2;big;low;electric;234;unacc
304;vhigh;med;5more;2;big;med;hybrid;181;unacc
305;vhigh;med;5more;2;big;high;diesel;193;unacc
306;vhigh;med;5more;4;small;low;petrol;312;unacc
307;vhigh;med;5more;4;small;med;petrol;291;unacc
308;vhigh;med;5more;4;small;high;diesel;156;acc
309;vhigh;med;5more;4;med;low;diesel;194;unacc
310;vhigh;med;5more;4;med;med;hybrid;193;acc
311;vhigh;med;5more;4;med;high;diesel;177;acc
312;vhigh;med;5more;4;big;low;hybrid;314;unacc
313;vhigh;med;5more;4;big;med;electric;186;acc
314;vhigh;med;5more;4;big;high;diesel;328;acc
315;vhigh;med;5more;more;small;low;diesel;349;unacc
316;vhigh;med;5more;more;small;med;electric;192;unacc
317;vhigh;med;5more;more;small;high;diesel;139;acc
318;vhigh;med;5more;more;med;low;petrol;339;unacc
319;vhigh;med;5more;more;med;med;hybrid;155;acc
320;vhigh;med;5more;more;med;high;petrol;309;acc
321;vhigh;med;5more;more;big;low;diesel;107;unacc
322;vhigh;med;5more;more;big;med;diesel;162;acc
323;vhigh;med;5more;more;big;high;petrol;297;acc
324;vhigh;low;2;2;small;low;electric;293;unacc
325;vhigh;low;2;2;small;med;hybrid;252;unacc
326;vhigh;low;2;2;small;high;hybrid;214;unacc
327;vhigh;low;2;2;med;low;diesel;137;unacc
328;vhigh;low;2;2;med;med;electric;214;unacc
329;vhigh;low;2;2;med;high;hybrid;335;unacc
330;vhigh;low;2;2;big;low;diesel;142;unacc
331;vhigh;low;2;2;big;med;hybrid;143;unacc
332;vhigh;low;2;2;big;high;electric;219;unacc
333;vhigh;low;2;4;small;low;electric;292;unacc
334;vhigh;low;2;4;small;med;petrol;311;unacc
335;vhigh;low;2;4;small;high;hybrid;139;acc
336;vhigh;low;2;4;med;low;diesel;232;unacc
337;vhigh;low;2;4;med;med;hybrid;189;unacc
338;vhigh;low;2;4;med;high;electric;189;acc
339;vhigh;low;2;4;big;low;diesel;278;unacc
340;vhigh;low;2;4;big;med;diesel;199;acc
341;vhigh;low;2;4;big;high;electric;317;acc
342;vhigh;low;2;more;small;low;diesel;216;unacc
343;vhigh;low;2;more;small;med;electric;292;unacc
344;vhigh;low;2;more;small;high;diesel;121;unacc
345;vhigh;low;2;more;med;low;hybrid;296;unacc
346;vhigh;low;2;more;med;med;diesel;229;unacc
347;vhigh;low;2;more;med;high;electric;107;acc
348;vhigh;low;2;more;big;low;electric;237;unacc
349;vhigh;low;2;more;big;med;electric;107;acc
350;vhigh;low;2;more;big;high;hybrid;234;acc
351;vhigh;low;3;2;small;low;hybrid;276;unacc
352;vhigh;low;3;2;small;med;hybrid;284;unacc
353;vhigh;low;3;2;small;high;diesel;103;unacc
354;vhigh;low;3;2;med;low;electric;301;unacc
355;vhigh;low;3;2;med;med;diesel;267;unacc
356;vhigh;low;3;2;med;high;petrol;304;unacc
357;vhigh;low;3;2;big;low;petrol;305;unacc
358;vhigh;low;3;2;big;med;hybrid;261;unacc
359;vhigh;low;3;2;big;high;petrol;178;unacc
360;vhigh;low;3;4;small;low;petrol;163;unacc
361;vhigh;low;3;4;small;med;hybrid;160;unacc
362;vhigh;low;3;4;small;high;electric;137;acc
363;vhigh;low;3;4;med;low;electric;181;unacc
364;vhigh;low;3;4;med;med;electric;263;unacc
365;vhigh;low;3;4;med;high;electric;251;acc
366;vhigh;low;3;4;big;low;electric;301;unacc
367;vhigh;low;3;4;big;med;diesel;103;acc
368;vhigh;low;3;4;big;high;diesel;336;acc
369;vhigh;low;3;more;small;low;diesel;285;unacc
370;vhigh;low;3;more;small;med;petrol;246;unacc
371;vhigh;low;3;more;small;high;petrol;298;acc
372;vhigh;low;3;more;med;low;petrol;103;unacc
373;vhigh;low;3;more;med;med;petrol;218;acc
374;vhigh;low;3;more;med;high;diesel;281;acc
375;vhigh;low;3;more;big;low;hybrid;183;unacc
376;vhigh;low;3;more;big;med;petrol;196;acc
377;vhigh;low;3;more;big;high;petrol;346;acc
378;vhigh;low;4;2;small;low;petrol;269;unacc
379;vhigh;low;4;2;small;med;hybrid;173;unacc
380;vhigh;low;4;2;small;high;hybrid;190;unacc
381;vhigh;low;4;2;med;low;petrol;173;unacc
382;vhigh;low;4;2;med;med;electric;100;unacc
383;vhigh;low;4;2;med;high;electric;338;unacc
384;vhigh;low;4;2;big;low;petrol;195;unacc
385;vhigh;low;4;2;big;med;hybrid;321;unacc
386;vhigh;low;4;2;big;high;diesel;158;unacc
387;vhigh;low;4;4;small;low;electric;181;unacc
388;vhigh;low;4;4;small;med;petrol;103;unacc
389;vhigh;low;4;4;small;high;diesel;330;acc
390;vhigh;low;4;4;med;low;diesel;100;unacc
391;vhigh;low;4;4;med;med;electric;179;acc
392;vhigh;low;4;4;med;high;petrol;306;acc
393;vhigh;low;4;4;big;low;hybrid;156;unacc
394;vhigh;low;4;4;big;med;diesel;119;acc
395;vhigh;low;4;4;big;high;petrol;124;acc
396;vhigh;low;4;more;small;low;petrol;271;unacc
397;vhigh;low;4;more;small;med;diesel;217;unacc
398;vhigh;low;4;more;small;high;petrol;338;acc
399;vhigh;low;4;more;med;low;electric;140;unacc
400;vhigh;low;4;more;med;med;hybrid;254;acc
401;vhigh;low;4;more;med;high;hybrid;258;acc
402;vhigh;low;4;more;big;low;electric;322;unacc
403;vhigh;low;4;more;big;med;hybrid;135;acc
404;vhigh;low;4;more;big;high;electric;124;acc
405;vhigh;low;5more;2;small;low;hybrid;177;unacc
406;vhigh;low;5more;2;small;med;hybrid;164;unacc
407;vhigh;low;5more;2;small;high;diesel;326;unacc
408;vhigh;low;5more;2;med;low;electric;248;unacc
409;vhigh;low;5more;2;med;med;diesel;149;unacc
410;vhigh;low;5more;2;med;high;electric;259;unacc
411;vhigh;low;5more;2;big;low;hybrid;254;unacc
412;vhigh;low;5more;2;big;med;petrol;118;unacc
413;vhigh;low;5more;2;big;high;diesel;313;unacc
414;vhigh;low;5more;4;small;low;diesel;282;unacc
415;vhigh;low;5more;4;small;med;electric;320;unacc
416;vhigh;low;5more;4;small;high;petrol;298;acc
417;vhigh;low;5more;4;med;low;electric;106;unacc
418;vhigh;low;5more;4;med;med;electric;254;acc
419;vhigh;low;5more;4;med;high;electric;184;acc
420;vhigh;low;5more;4;big;low;electric;311;unacc
421;vhigh;low;5more;4;big;med;hybrid;238;acc
422;vhigh;low;5more;4;big;high;hybrid;331;acc
423;vhigh;low;5more;more;small;low;petrol;141;unacc
424;vhigh;low;5more;more;small;med;diesel;130;unacc
425;vhigh;low;5more;more;small;high;electric;235;acc
426;vhigh;low;5more;more;med;low;electric;296;unacc
427;vhigh;low;5more;more;med;med;electric;262;acc
428;vhigh;low;5more;more;med;high;petrol;314;acc
429;vhigh;low;5more;more;big;low;diesel;201;unacc
430;vhigh;low;5more;more;big;med;electric;119;acc
431;vhigh;low;5more;more;big;high;electric;112;acc
432;high;vhigh;2;2;small;low;petrol;320;unacc
433;high;vhigh;2;2;small;med;electric;227;unacc
434;high;vhigh;2;2;small;high;diesel;160;unacc
435;high;vhigh;2;2;med;low;electric;159;unacc
436;high;vhigh;2;2;med;med;petrol;322;unacc
437;high;vhigh;2;2;med;high;hybrid;294;unacc
438;high;vhigh;2;2;big;low;diesel;275;unacc
439;high;vhigh;2;2;big;med;petrol;108;unacc
440;high;vhigh;2;2;big;high;hybrid;237;unacc
441;high;vhigh;2;4;small;low;hybrid;211;unacc
442;high;vhigh;2;4;small;med;diesel;285;unacc
443;high;vhigh;2;4;small;high;diesel;240;unacc
444;high;vhigh;2;4;med;low;diesel;185;unacc
445;high;vhigh;2;4;med;med;diesel;298;unacc
446;high;vhigh;2;4;med;high;hybrid;201;unacc
447;high;vhigh;2;4;big;low;hybrid;204;unacc
448;high;vhigh;2;4;big;med;petrol;125;unacc
449;high;vhigh;2;4;big;high;petrol;285;unacc
450;high;vhigh;2;more;small;low;petrol;145;unacc
451;high;vhigh;2;more;small;med;diesel;110;unacc
452;high;vhigh;2;more;small;high;petrol;165;unacc
453;high;vhigh;2;more;med;low;diesel;292;unacc
454;high;vhigh;2;more;med;med;electric;203;unacc
455;high;vhigh;2;more;med;high;hybrid;274;unacc
456;high;vhigh;2;more;big;low;diesel;300;unacc
457;high;vhigh;2;more;big;med;hybrid;115;unacc
458;high;vhigh;2;more;big;high;hybrid;277;unacc
459;high;vhigh;3;2;small;low;diesel;161;unacc
460;high;vhigh;3;2;small;med;diesel;217;unacc
461;high;vhigh;3;2;small;high;petrol;179;unacc
462;high;vhigh;3;2;med;low;petrol;229;unacc
463;high;vhigh;3;2;med;med;diesel;166;unacc
464;high;vhigh;3;2;med;high;hybrid;169;unacc
465;high;vhigh;3;2;big;low;diesel;324;unacc
466;high;vhigh;3;2;big;med;diesel;129;unacc
467;high;vhigh;3;2;big;high;hybrid;173;unacc
468;high;vhigh;3;4;small;low;hybrid;265;unacc
469;high;vhigh;3;4;small;med;electric;240;unacc
470;high;vhigh;3;4;small;high;hybrid;306;unacc
471;high;vhigh;3;4;med;low;hybrid;349;unacc
472;high;vhigh;3;4;med;med;diesel;321;unacc
473;high;vhigh;3;4;med;high;electric;314;unacc
474;high;vhigh;3;4;big;low;diesel;148;unacc
475;high;vhigh;3;4;big;med;hybrid;332;unacc
476;high;vhigh;3;4;big;high;electric;333;unacc
477;high;vhigh;3;more;small;low;hybrid;303;unacc
478;high;vhigh;3;more;small;med;hybrid;310;unacc
479;high;vhigh;3;more;small;high;hybrid;312;unacc
480;high;vhigh;3;more;med;low;diesel;191;unacc
481;high;vhigh;3;more;med;med;hybrid;237;unacc
482;high;vhigh;3;more;med;high;hybrid;329;unacc
483;high;vhigh;3;more;big;low;electric;181;unacc
484;high;vhigh;3;more;big;med;electric;343;unacc
485;high;vhigh;3;more;big;high;electric;128;unacc
486;high;vhigh;4;2;small;low;electric;285;unacc
487;high;vhigh;4;2;small;med;electric;119;unacc
488;high;vhigh;4;2;small;high;petrol;217;unacc
489;high;vhigh;4;2;med;low;petrol;221;unacc
490;high;vhigh;4;2;med;med;hybrid;301;unacc
491;high;vhigh;4;2;med;high;electric;261;unacc
492;high;vhigh;4;2;big;low;electric;318;unacc
493;high;vhigh;4;2;big;med;electric;185;unacc
494;high;vhigh;4;2;big;high;hybrid;266;unacc
495;high;vhigh;4;4;small;low;electric;135;unacc
496;high;vhigh;4;4;small;med;hybrid;121;unacc
497;high;vhigh;4;4;small;high;hybrid;242;unacc
498;high;vhigh;4;4;med;low;diesel;101;unacc
499;high;vhigh;4;4;med;med;petrol;337;unacc
500;high;vhigh;4;4;med;high;diesel;205;unacc
501;high;vhigh;4;4;big;low;hybrid;160;unacc
502;high;vhigh;4;4;big;med;hybrid;317;unacc
503;high;vhigh;4;4;big;high;petrol;242;unacc
504;high;vhigh;4;more;small;low;petrol;343;unacc
505;high;vhigh;4;more;small;med;petrol;321;unacc
506;high;vhigh;4;more;small;high;petrol;315;unacc
507;high;vhigh;4;more;med;low;diesel;307;unacc
508;high;vhigh;4;more;med;med;diesel;345;unacc
509;high;vhigh;4;more;med;high;hybrid;226;unacc
510;high;vhigh;4;more;big;low;diesel;327;unacc
511;high;vhigh;4;more;big;med;hybrid;180;unacc
512;high;vhigh;4;more;big;high;diesel;250;unacc
513;high;vhigh;5more;2;small;low;diesel;147;unacc
514;high;vhigh;5more;2;small;med;diesel;111;unacc
515;high;vhigh;5more;2;small;high;petrol;185;unacc
516;high;vhigh;5more;2;med;low;hybrid;228;unacc
517;high;vhigh;5more;2;med;med;petrol;191;unacc
518;high;vhigh;5more;2;med;high;petrol;298;unacc
519;high;vhigh;5more;2;big;low;diesel;137;unacc
520;high;vhigh;5more;2;big;med;petrol;170;unacc
521;high;vhigh;5more;2;big;high;hybrid;258;unacc
522;high;vhigh;5more;4;small;low;petrol;251;unacc
523;high;vhigh;5more;4;small;med;hybrid;324;unacc
524;high;vhigh;5more;4;small;high;hybrid;281;unacc
525;high;vhigh;5more;4;med;low;electric;168;unacc
526;high;vhigh;5more;4;med;med;petrol;201;unacc
527;high;vhigh;5more;4;med;high;hybrid;300;unacc
528;high;vhigh;5more;4;big;low;diesel;247;unacc
529;high;vhigh;5more;4;big;med;diesel;198;unacc
530;high;vhigh;5more;4;big;high;petrol;136;unacc
531;high;vhigh;5more;more;small;low;diesel;146;unacc
532;high;vhigh;5more;more;small;med;diesel;121;unacc
533;high;vhigh;5more;more;small;high;diesel;301;unacc
534;high;vhigh;5more;more;med;low;electric;327;unacc
535;high;vhigh;5more;more;med;med;diesel;230;unacc
536;high;vhigh;5more;more;med;high;electric;177;unacc
537;high;vhigh;5more;more;big;low;hybrid;158;unacc
538;high;vhigh;5more;more;big;med;electric;119;unacc
539;high;vhigh;5more;more;big;high;hybrid;209;unacc
540;high;high;2;2;small;low;hybrid;185;unacc
541;high;high;2;2;small;med;hybrid;218;unacc
542;high;high;2;2;small;high;electric;210;unacc
543;high;high;2;2;med;low;hybrid;227;unacc
544;high;high;2;2;med;med;electric;206;unacc
545;high;high;2;2;med;high;petrol;197;unacc
546;high;high;2;2;big;low;diesel;266;unacc
547;high;high;2;2;big;med;diesel;211;unacc
548;high;high;2;2;big;high;electric;229;unacc
549;high;high;2;4;small;low;petrol;319;unacc
550;high;high;2;4;small;med;electric;267;unacc
551;high;high;2;4;small;high;hybrid;343;acc
552;high;high;2;4;med;low;hybrid;319;unacc
553;high;high;2;4;med;med;petrol;266;unacc
554;high;high;2;4;med;high;petrol;199;acc
555;high;high;2;4;big;low;hybrid;306;unacc
556;high;high;2;4;big;med;hybrid;166;acc
557;high;high;2;4;big;high;petrol;262;acc
558;high;high;2;more;small;low;electric;116;unacc
559;high;high;2;more;small;med;petrol;131;unacc
560;high;high;2;more;small;high;hybrid;302;unacc
561;high;high;2;more;med;low;hybrid;324;unacc
562;high;high;2;more;med;med;electric;273;unacc
563;high;high;2;more;med;high;hybrid;125;acc
564;high;high;2;more;big;low;petrol;339;unacc
565;high;high;2;more;big;med;petrol;160;acc
566;high;high;2;more;big;high;petrol;155;acc
567;high;high;3;2;small;low;hybrid;319;unacc
568;high;high;3;2;small;med;petrol;320;unacc
569;high;high;3;2;small;high;electric;298;unacc
570;high;high;3;2;med;low;hybrid;328;unacc
571;high;high;3;2;med;med;electric;147;unacc
572;high;high;3;2;med;high;petrol;282;unacc
573;high;high;3;2;big;low;hybrid;151;unacc
574;high;high;3;2;big;med;hybrid;138;unacc
575;high;high;3;2;big;high;hybrid;211;unacc
576;high;high;3;4;small;low;petrol;148;unacc
577;high;high;3;4;small;med;petrol;290;unacc
578;high;high;3;4;small;high;diesel;254;acc
579;high;high;3;4;med;low;hybrid;332;unacc
580;high;high;3;4;med;med;hybrid;249;unacc
581;high;high;3;4;med;high;electric;310;acc
582;high;high;3;4;big;low;diesel;262;unacc
583;high;high;3;4;big;med;hybrid;218;acc
584;high;high;3;4;big;high;electric;305;acc
585;high;high;3;more;small;low;diesel;183;unacc
586;high;high;3;more;small;med;hybrid;129;unacc
587;high;high;3;more;small;high;diesel;165;acc
588;high;high;3;more;med;low;petrol;180;unacc
589;high;high;3;more;med;med;hybrid;221;acc
590;high;high;3;more;med;high;electric;328;acc
591;high;high;3;more;big;low;electric;128;unacc
592;high;high;3;more;big;med;petrol;159;acc
593;high;high;3;more;big;high;electric;107;acc
594;high;high;4;2;small;low;diesel;305;unacc
595;high;high;4;2;small;med;diesel;131;unacc
596;high;high;4;2;small;high;electric;103;unacc
597;high;high;4;2;med;low;diesel;332;unacc
598;high;high;4;2;med;med;hybrid;106;unacc
599;high;high;4;2;med;high;petrol;198;unacc
600;high;high;4;2;big;low;hybrid;298;unacc
601;high;high;4;2;big;med;electric;211;unacc
602;high;high;4;2;big;high;diesel;233;unacc
603;high;high;4;4;small;low;diesel;157;unacc
604;high;high;4;4;small;med;petrol;266;unacc
605;high;high;4;4;small;high;diesel;273;acc
606;high;high;4;4;med;low;petrol;202;unacc
607;high;high;4;4;med;med;hybrid;100;acc
608;high;high;4;4;med;high;diesel;131;acc
609;high;high;4;4;big;low;hybrid;228;unacc
610;high;high;4;4;big;med;electric;108;acc
611;high;high;4;4;big;high;hybrid;108;acc
612;high;high;4;more;small;low;petrol;131;unacc
613;high;high;4;more;small;med;diesel;151;unacc
614;high;high;4;more;small;high;petrol;227;acc
615;high;high;4;more;med;low;electric;289;unacc
616;high;high;4;more;med;med;hybrid;109;acc
617;high;high;4;more;med;high;diesel;133;acc
618;high;high;4;more;big;low;petrol;140;unacc
619;high;high;4;more;big;med;electric;264;acc
620;high;high;4;more;big;high;electric;182;acc
621;high;high;5more;2;small;low;petrol;175;unacc
622;high;high;5more;2;small;med;petrol;134;unacc
623;high;high;5more;2;small;high;hybrid;309;unacc
624;high;high;5more;2;med;low;petrol;236;unacc
625;high;high;5more;2;med;med;electric;121;unacc
626;high;high;5more;2;med;high;hybrid;110;unacc
627;high;high;5more;2;big;low;petrol;124;unacc
628;high;high;5more;2;big;med;petrol;311;unacc
629;high;high;5more;2;big;high;electric;337;unacc
630;high;high;5more;4;small;low;petrol;245;unacc
631;high;high;5more;4;small;med;diesel;322;unacc
632;high;high;5more;4;small;high;electric;159;acc
633;high;high;5more;4;med;low;electric;294;unacc
634;high;high;5more;4;med;med;hybrid;303;acc
635;high;high;5more;4;med;high;electric;333;acc
636;high;high;5more;4;big;low;petrol;259;unacc
637;high;high;5more;4;big;med;diesel;329;acc
638;high;high;5more;4;big;high;petrol;237;acc
639;high;high;5more;more;small;low;electric;245;unacc
640;high;high;5more;more;small;med;petrol;239;unacc
641;high;high;5more;more;small;high;electric;272;acc
642;high;high;5more;more;med;low;diesel;124;unacc
643;high;high;5more;more;med;med;electric;223;acc
644;high;high;5more;more;med;high;hybrid;338;acc
645;high;high;5more;more;big;low;electric;304;unacc
646;high;high;5more;more;big;med;electric;154;acc
647;high;high;5more;more;big;high;hybrid;283;acc
648;high;med;2;2;small;low;diesel;138;unacc
649;high;med;2;2;small;med;electric;296;unacc
650;high;med;2;2;small;high;diesel;349;unacc
651;high;med;2;2;med;low;hybrid;113;unacc
652;high;med;2;2;med;med;diesel;252;unacc
653;high;med;2;2;med;high;electric;164;unacc
654;high;med;2;2;big;low;electric;325;unacc
655;high;med;2;2;big;med;electric;332;unacc
656;high;med;2;2;big;high;electric;259;unacc
657;high;med;2;4;small;low;hybrid;338;unacc
658;high;med;2;4;small;med;electric;196;unacc
659;high;med;2;4;small;high;hybrid;150;acc
660;high;med;2;4;med;low;petrol;218;unacc
661;high;med;2;4;med;med;diesel;257;unacc
662;high;med;2;4;med;high;hybrid;298;acc
663;high;med;2;4;big;low;hybrid;310;unacc
664;high;med;2;4;big;med;electric;130;acc
665;high;med;2;4;big;high;diesel;173;acc
666;high;med;2;more;small;low;petrol;298;unacc
667;high;med;2;more;small;med;hybrid;338;unacc
668;high;med;2;more;small;high;petrol;332;unacc
669;high;med;2;more;med;low;petrol;171;unacc
670;high;med;2;more;med;med;petrol;312;unacc
671;high;med;2;more;med;high;petrol;130;acc
672;high;med;2;more;big;low;electric;110;unacc
673;high;med;2;more;big;med;diesel;215;acc
674;high;med;2;more;big;high;hybrid;310;acc
675;high;med;3;2;small;low;hybrid;340;unacc
676;high;med;3;2;small;med;hybrid;171;unacc
677;high;med;3;2;small;high;hybrid;119;unacc
678;high;med;3;2;med;low;petrol;163;unacc
679;high;med;3;2;med;med;electric;234;unacc
680;high;med;3;2;med;high;diesel;295;unacc
681;high;med;3;2;big;low;hybrid;216;unacc
682;high;med;3;2;big;med;diesel;252;unacc
683;high;med;3;2;big;high;petrol;104;unacc
684;high;med;3;4;small;low;petrol;127;unacc
685;high;med;3;4;small;med;electric;270;unacc
686;high;med;3;4;small;high;electric;231;acc
687;high;med;3;4;med;low;electric;291;unacc
688;high;med;3;4;med;med;electric;307;unacc
689;high;med;3;4;med;high;hybrid;165;acc
690;high;med;3;4;big;low;hybrid;244;unacc
691;high;med;3;4;big;med;diesel;338;acc
692;high;med;3;4;big;high;hybrid;133;acc
693;high;med;3;more;small;low;petrol;120;unacc
694;high;med;3;more;small;med;electric;310;unacc
695;high;med;3;more;small;high;petrol;171;acc
696;high;med;3;more;med;low;hybrid;259;unacc
697;high;med;3;more;med;med;electric;202;acc
698;high;med;3;more;med;high;electric;174;acc
699;high;med;3;more;big;low;diesel;109;unacc
700;high;med;3;more;big;med;electric;254;acc
701;high;med;3;more;big;high;electric;263;acc
702;high;med;4;2;small;low;hybrid;280;unacc
703;high;med;4;2;small;med;hybrid;265;unacc
704;high;med;4;2;small;high;petrol;141;unacc
705;high;med;4;2;med;low;electric;235;unacc
706;high;med;4;2;med;med;hybrid;211;unacc
707;high;med;4;2;med;high;hybrid;223;unacc
708;high;med;4;2;big;low;diesel;204;unacc
709;high;med;4;2;big;med;electric;324;unacc
710;high;med;4;2;big;high;hybrid;112;unacc
711;high;med;4;4;small;low;petrol;208;unacc
712;high;med;4;4;small;med;petrol;345;unacc
713;high;med;4;4;small;high;hybrid;107;acc
714;high;med;4;4;med;low;electric;263;unacc
715;high;med;4;4;med;med;petrol;133;acc
716;high;med;4;4;med;high;diesel;266;acc
717;high;med;4;4;big;low;diesel;216;unacc
718;high;med;4;4;big;med;electric;175;acc
719;high;med;4;4;big;high;petrol;295;acc
720;high;med;4;more;small;low;diesel;222;unacc
721;high;med;4;more;small;med;diesel;151;unacc
722;high;med;4;more;small;high;hybrid;118;acc
723;high;med;4;more;med;low;electric;190;unacc
724;high;med;4;more;med;med;diesel;271;acc
725;high;med;4;more;med;high;diesel;198;acc
726;high;med;4;more;big;low;diesel;317;unacc
727;high;med;4;more;big;med;electric;187;acc
728;high;med;4;more;big;high;diesel;115;acc
729;high;med;5more;2;small;low;hybrid;280;unacc
730;high;med;5more;2;small;med;diesel;187;unacc
731;high;med;5more;2;small;high;hybrid;233;unacc
732;high;med;5more;2;med;low;hybrid;163;unacc
733;high;med;5more;2;med;med;hybrid;316;unacc
734;high;med;5more;2;med;high;electric;345;unacc
735;high;med;5more;2;big;low;petrol;278;unacc
736;high;med;5more;2;big;med;diesel;235;unacc
737;high;med;5more;2;big;high;hybrid;283;unacc
738;high;med;5more;4;small;low;electric;108;unacc
739;high;med;5more;4;small;med;diesel;343;unacc
740;high;med;5more;4;small;high;petrol;107;acc
741;high;med;5more;4;med;low;diesel;309;unacc
742;high;med;5more;4;med;med;diesel;183;acc
743;high;med;5more;4;med;high;electric;339;acc
744;high;med;5more;4;big;low;diesel;288;unacc
745;high;med;5more;4;big;med;hybrid;293;acc
746;high;med;5more;4;big;high;diesel;164;acc
747;high;med;5more;more;small;low;diesel;229;unacc
748;high;med;5more;more;small;med;petrol;343;unacc
749;high;med;5more;more;small;high;electric;264;acc
750;high;med;5more;more;med;low;hybrid;147;unacc
751;high;med;5more;more;med;med;electric;214;acc
752;high;med;5more;more;med;high;electric;145;acc
753;high;med;5more;more;big;low;electric;191;unacc
754;high;med;5more;more;big;med;electric;294;acc
755;high;med;5more;more;big;high;electric;248;acc
756;high;low;2;2;small;low;diesel;220;unacc
757;high;low;2;2;small;med;diesel;284;unacc
758;high;low;2;2;small;high;electric;222;unacc
759;high;low;2;2;med;low;petrol;221;unacc
760;high;low;2;2;med;med;petrol;184;unacc
761;high;low;2;2;med;high;hybrid;181;unacc
762;high;low;2;2;big;low;petrol;171;unacc
763;high;low;2;2;big;med;diesel;216;unacc
764;high;low;2;2;big;high;diesel;318;unacc
765;high;low;2;4;small;low;diesel;264;unacc
766;high;low;2;4;small;med;petrol;239;unacc
767;high;low;2;4;small;high;petrol;102;acc
768;high;low;2;4;med;low;electric;125;unacc
769;high;low;2;4;med;med;electric;257;unacc
770;high;low;2;4;med;high;diesel;325;acc
771;high;low;2;4;big;low;hybrid;172;unacc
772;high;low;2;4;big;med;hybrid;264;acc
773;high;low;2;4;big;high;hybrid;331;acc
774;high;low;2;more;small;low;petrol;192;unacc
775;high;low;2;more;small;med;hybrid;206;unacc
776;high;low;2;more;small;high;electric;224;unacc
777;high;low;2;more;med;low;diesel;249;unacc
778;high;low;2;more;med;med;diesel;283;unacc
779;high;low;2;more;med;high;electric;130;acc
780;high;low;2;more;big;low;hybrid;213;unacc
781;high;low;2;more;big;med;electric;130;acc
782;high;low;2;more;big;high;hybrid;219;acc
783;high;low;3;2;small;low;petrol;118;unacc
784;high;low;3;2;small;med;electric;274;unacc
785;high;low;3;2;small;high;hybrid;324;unacc
786;high;low;3;2;med;low;diesel;144;unacc
787;high;low;3;2;med;med;electric;167;unacc
788;high;low;3;2;med;high;petrol;267;unacc
789;high;low;3;2;big;low;hybrid;176;unacc
790;high;low;3;2;big;med;electric;192;unacc
791;high;low;3;2;big;high;hybrid;344;unacc
792;high;low;3;4;small;low;electric;188;unacc
793;high;low;3;4;small;med;petrol;285;unacc
794;high;low;3;4;small;high;electric;173;acc
795;high;low;3;4;med;low;diesel;121;unacc
796;high;low;3;4;med;med;hybrid;118;unacc
797;high;low;3;4;med;high;electric;241;acc
798;high;low;3;4;big;low;petrol;234;unacc
799;high;low;3;4;big;med;diesel;258;acc
800;high;low;3;4;big;high;electric;302;acc
801;high;low;3;more;small;low;diesel;224;unacc
802;high;low;3;more;small;med;electric;121;unacc
803;high;low;3;more;small;high;petrol;331;acc
804;high;low;3;more;med;low;electric;291;unacc
805;high;low;3;more;med;med;electric;266;acc
806;high;low;3;more;med;high;hybrid;325;acc
807;high;low;3;more;big;low;diesel;199;unacc
808;high;low;3;more;big;med;electric;322;acc
809;high;low;3;more;big;high;petrol;320;acc
810;high;low;4;2;small;low;electric;339;unacc
811;high;low;4;2;small;med;petrol;110;unacc
812;high;low;4;2;small;high;diesel;280;unacc
813;high;low;4;2;med;low;petrol;215;unacc
814;high;low;4;2;med;med;hybrid;168;unacc
815;high;low;4;2;med;high;hybrid;104;unacc
816;high;low;4;2;big;low;electric;216;unacc
817;high;low;4;2;big;med;hybrid;329;unacc
818;high;low;4;2;big;high;electric;194;unacc
819;high;low;4;4;small;low;hybrid;295;unacc
820;high;low;4;4;small;med;petrol;322;unacc
821;high;low;4;4;small;high;diesel;143;acc
822;high;low;4;4;med;low;petrol;152;unacc
823;high;low;4;4;med;med;hybrid;273;acc
824;high;low;4;4;med;high;hybrid;221;acc
825;high;low;4;4;big;low;hybrid;281;unacc
826;high;low;4;4;big;med;petrol;244;acc
827;high;low;4;4;big;high;electric;125;acc
828;high;low;4;more;small;low;petrol;168;unacc
829;high;low;4;more;small;med;diesel;262;unacc
830;high;low;4;more;small;high;petrol;163;acc
831;high;low;4;more;med;low;diesel;285;unacc
832;high;low;4;more;med;med;petrol;334;acc
833;high;low;4;more;med;high;petrol;324;acc
834;high;low;4;more;big;low;electric;195;unacc
835;high;low;4;more;big;med;diesel;129;acc
836;high;low;4;more;big;high;petrol;262;acc
837;high;low;5more;2;small;low;electric;320;unacc
838;high;low;5more;2;small;med;petrol;221;unacc
839;high;low;5more;2;small;high;hybrid;106;unacc
840;high;low;5more;2;med;low;electric;152;unacc
841;high;low;5more;2;med;med;electric;166;unacc
842;high;low;5more;2;med;high;diesel;154;unacc
843;high;low;5more;2;big;low;petrol;184;unacc
844;high;low;5more;2;big;med;petrol;210;unacc
845;high;low;5more;2;big;high;diesel;197;unacc
846;high;low;5more;4;small;low;electric;306;unacc
847;high;low;5more;4;small;med;electric;119;unacc
848;high;low;5more;4;small;high;diesel;333;acc
849;high;low;5more;4;med;low;electric;349;unacc
850;high;low;5more;4;med;med;electric;170;acc
851;high;low;5more;4;med;high;electric;286;acc
852;high;low;5more;4;big;low;petrol;334;unacc
853;high;low;5more;4;big;med;hybrid;113;acc
854;high;low;5more;4;big;high;diesel;274;acc
855;high;low;5more;more;small;low;hybrid;237;unacc
856;high;low;5more;more;small;med;electric;253;unacc
857;high;low;5more;more;small;high;petrol;334;acc
858;high;low;5more;more;med;low;petrol;170;unacc
859;high;low;5more;more;med;med;diesel;241;acc
860;high;low;5more;more;med;high;electric;240;acc
861;high;low;5more;more;big;low;electric;117;unacc
862;high;low;5more;more;big;med;electric;221;acc
863;high;low;5more;more;big;high;diesel;258;acc
864;med;vhigh;2;2;small;low;diesel;228;unacc
865;med;vhigh;2;2;small;med;petrol;173;unacc
866;med;vhigh;2;2;small;high;diesel;126;unacc
867;med;vhigh;2;2;med;low;petrol;144;unacc
868;med;vhigh;2;2;med;med;diesel;241;unacc
869;med;vhigh;2;2;med;high;petrol;279;unacc
870;med;vhigh;2;2;big;low;hybrid;320;unacc
871;med;vhigh;2;2;big;med;petrol;312;unacc
872;med;vhigh;2;2;big;high;electric;205;unacc
873;med;vhigh;2;4;small;low;hybrid;162;unacc
874;med;vhigh;2;4;small;med;electric;262;unacc
875;med;vhigh;2;4;small;high;diesel;188;acc
876;med;vhigh;2;4;med;low;diesel;331;unacc
877;med;vhigh;2;4;med;med;diesel;200;unacc
878;med;vhigh;2;4;med;high;diesel;112;acc
879;med;vhigh;2;4;big;low;hybrid;123;unacc
880;med;vhigh;2;4;big;med;electric;162;acc
881;med;vhigh;2;4;big;high;hybrid;142;acc
882;med;vhigh;2;more;small;low;diesel;132;unacc
883;med;vhigh;2;more;small;med;hybrid;203;unacc
884;med;vhigh;2;more;small;high;hybrid;237;unacc
885;med;vhigh;2;more;med;low;electric;198;unacc
886;med;vhigh;2;more;med;med;hybrid;153;unacc
887;med;vhigh;2;more;med;high;electric;276;acc
888;med;vhigh;2;more;big;low;petrol;210;unacc
889;med;vhigh;2;more;big;med;diesel;291;acc
890;med;vhigh;2;more;big;high;petrol;184;acc
891;med;vhigh;3;2;small;low;electric;110;unacc
892;med;vhigh;3;2;small;med;electric;132;unacc
893;med;vhigh;3;2;small;high;electric;123;unacc
894;med;vhigh;3;2;med;low;diesel;130;unacc
895;med;vhigh;3;2;med;med;electric;136;unacc
896;med;vhigh;3;2;med;high;electric;340;unacc
897;med;vhigh;3;2;big;low;petrol;253;unacc
898;med;vhigh;3;2;big;med;diesel;294;unacc
899;med;vhigh;3;2;big;high;petrol;302;unacc
900;med;vhigh;3;4;small;low;petrol;333;unacc
901;med;vhigh;3;4;small;med;petrol;291;unacc
902;med;vhigh;3;4;small;high;hybrid;184;acc
903;med;vhigh;3;4;med;low;hybrid;149;unacc
904;med;vhigh;3;4;med;med;electric;313;unacc
905;med;vhigh;3;4;med;high;diesel;242;acc
906;med;vhigh;3;4;big;low;hybrid;279;unacc
907;med;vhigh;3;4;big;med;electric;279;acc
908;med;vhigh;3;4;big;high;electric;292;acc
909;med;vhigh;3;more;small;low;hybrid;172;unacc
910;med;vhigh;3;more;small;med;electric;262;unacc
911;med;vhigh;3;more;small;high;hybrid;233;acc
912;med;vhigh;3;more;med;low;hybrid;137;unacc
913;med;vhigh;3;more;med;med;hybrid;310;acc
914;med;vhigh;3;more;med;high;hybrid;214;acc
915;med;vhigh;3;more;big;low;petrol;318;unacc
916;med;vhigh;3;more;big;med;petrol;165;acc
917;med;vhigh;3;more;big;high;hybrid;151;acc
918;med;vhigh;4;2;small;low;hybrid;321;unacc
919;med;vhigh;4;2;small;med;hybrid;151;unacc
920;med;vhigh;4;2;small;high;hybrid;152;unacc
921;med;vhigh;4;2;med;low;hybrid;334;unacc
922;med;vhigh;4;2;med;med;electric;135;unacc
923;med;vhigh;4;2;med;high;petrol;221;unacc
924;med;vhigh;4;2;big;low;diesel;141;unacc
925;med;vhigh;4;2;big;med;electric;332;unacc
926;med;vhigh;4;2;big;high;petrol;346;unacc
927;med;vhigh;4;4;small;low;diesel;179;unacc
928;med;vhigh;4;4;small;med;diesel;201;unacc
929;med;vhigh;4;4;small;high;petrol;111;acc
930;med;vhigh;4;4;med;low;petrol;296;unacc
931;med;vhigh;4;4;med;med;electric;178;acc
932;med;vhigh;4;4;med;high;diesel;346;acc
933;med;vhigh;4;4;big;low;electric;127;unacc
934;med;vhigh;4;4;big;med;hybrid;137;acc
935;med;vhigh;4;4;big;high;diesel;333;acc
936;med;vhigh;4;more;small;low;hybrid;218;unacc
937;med;vhigh;4;more;small;med;hybrid;250;unacc
938;med;vhigh;4;more;small;high;diesel;178;acc
939;med;vhigh;4;more;med;low;petrol;323;unacc
940;med;vhigh;4;more;med;med;diesel;340;acc
941;med;vhigh;4;more;med;high;diesel;195;acc
942;med;vhigh;4;more;big;low;electric;207;unacc
943;med;vhigh;4;more;big;med;diesel;261;acc
944;med;vhigh;4;more;big;high;diesel;314;acc
945;med;vhigh;5more;2;small;low;electric;169;unacc
946;med;vhigh;5more;2;small;med;electric;249;unacc
947;med;vhigh;5more;2;small;high;electric;249;unacc
948;med;vhigh;5more;2;med;low;electric;290;unacc
949;med;vhigh;5more;2;med;med;diesel;172;unacc
950;med;vhigh;5more;2;med;high;electric;343;unacc
951;med;vhigh;5more;2;big;low;petrol;286;unacc
952;med;vhigh;5more;2;big;med;petrol;104;unacc
953;med;vhigh;5more;2;big;high;electric;290;unacc
954;med;vhigh;5more;4;small;low;hybrid;319;unacc
955;med;vhigh;5more;4;small;med;electric;281;unacc
956;med;vhigh;5more;4;small;high;electric;297;acc
957;med;vhigh;5more;4;med;low;diesel;310;unacc
958;med;vhigh;5more;4;med;med;hybrid;237;acc
959;med;vhigh;5more;4;med;high;hybrid;216;acc
960;med;vhigh;5more;4;big;low;diesel;179;unacc
961;med;vhigh;5more;4;big;med;electric;155;acc
962;med;vhigh;5more;4;big;high;diesel;348;acc
963;med;vhigh;5more;more;small;low;hybrid;288;unacc
964;med;vhigh;5more;more;small;med;diesel;319;unacc
965;med;vhigh;5more;more;small;high;hybrid;271;acc
966;med;vhigh;5more;more;med;low;hybrid;141;unacc
967;med;vhigh;5more;more;med;med;electric;325;acc
968;med;vhigh;5more;more;med;high;hybrid;331;acc
969;med;vhigh;5more;more;big;low;hybrid;276;unacc
970;med;vhigh;5more;more;big;med;electric;246;acc
971;med;vhigh;5more;more;big;high;diesel;289;acc
972;med;high;2;2;small;low;diesel;232;unacc
973;med;high;2;2;small;med;petrol;153;unacc
974;med;high;2;2;small;high;diesel;237;unacc
975;med;high;2;2;med;low;electric;270;unacc
976;med;high;2;2;med;med;electric;143;unacc
977;med;high;2;2;med;high;petrol;121;unacc
978;med;high;2;2;big;low;diesel;286;unacc
979;med;high;2;2;big;med;hybrid;286;unacc
980;med;high;2;2;big;high;electric;266;unacc
981;med;high;2;4;small;low;petrol;144;unacc
982;med;high;2;4;small;med;hybrid;195;unacc
983;med;high;2;4;small;high;diesel;106;acc
984;med;high;2;4;med;low;petrol;139;unacc
985;med;high;2;4;med;med;diesel;137;unacc
986;med;high;2;4;med;high;diesel;122;acc
987;med;high;2;4;big;low;petrol;332;unacc
988;med;high;2;4;big;med;diesel;144;acc
989;med;high;2;4;big;high;petrol;314;acc
990;med;high;2;more;small;low;diesel;122;unacc
991;med;high;2;more;small;med;electric;284;unacc
992;med;high;2;more;small;high;hybrid;244;unacc
993;med;high;2;more;med;low;hybrid;253;unacc
994;med;high;2;more;med;med;electric;197;unacc
995;med;high;2;more;med;high;petrol;184;acc
996;med;high;2;more;big;low;diesel;328;unacc
997;med;high;2;more;big;med;petrol;104;acc
998;med;high;2;more;big;high;electric;291;acc
999;med;high;3;2;small;low;hybrid;229;unacc
1000;med;high;3;2;small;med;petrol;210;unacc
1001;med;high;3;2;small;high;diesel;226;unacc
1002;med;high;3;2;med;low;hybrid;253;unacc
1003;med;high;3;2;med;med;petrol;213;unacc
1004;med;high;3;2;med;high;hybrid;298;unacc
1005;med;high;3;2;big;low;hybrid;189;unacc
1006;med;high;3;2;big;med;petrol;171;unacc
1007;med;high;3;2;big;high;electric;144;unacc
1008;med;high;3;4;small;low;petrol;287;unacc
1009;med;high;3;4;small;med;hybrid;228;unacc
1010;med;high;3;4;small;high;hybrid;182;acc
1011;med;high;3;4;med;low;hybrid;267;unacc
1012;med;high;3;4;med;med;electric;270;unacc
1013;med;high;3;4;med;high;diesel;347;acc
1014;med;high;3;4;big;low;diesel;104;unacc
1015;med;high;3;4;big;med;petrol;265;acc
1016;med;high;3;4;big;high;electric;316;acc
1017;med;high;3;more;small;low;petrol;243;unacc
1018;med;high;3;more;small;med;hybrid;346;unacc
1019;med;high;3;more;small;high;diesel;127;acc
1020;med;high;3;more;med;low;electric;204;unacc
1021;med;high;3;more;med;med;electric;199;acc
1022;med;high;3;more;med;high;petrol;271;acc
1023;med;high;3;more;big;low;hybrid;167;unacc
1024;med;high;3;more;big;med;electric;274;acc
1025;med;high;3;more;big;high;electric;297;acc
1026;med;high;4;2;small;low;electric;261;unacc
1027;med;high;4;2;small;med;hybrid;231;unacc
1028;med;high;4;2;small;high;diesel;164;unacc
1029;med;high;4;2;med;low;hybrid;177;unacc
1030;med;high;4;2;med;med;hybrid;241;unacc
1031;med;high;4;2;med;high;petrol;189;unacc
1032;med;high;4;2;big;low;hybrid;187;unacc
1033;med;high;4;2;big;med;hybrid;142;unacc
1034;med;high;4;2;big;high;hybrid;199;unacc
1035;med;high;4;4;small;low;electric;180;unacc
1036;med;high;4;4;small;med;electric;137;unacc
1037;med;high;4;4;small;high;diesel;248;acc
1038;med;high;4;4;med;low;hybrid;175;unacc
1039;med;high;4;4;med;med;petrol;331;acc
1040;med;high;4;4;med;high;petrol;308;acc
1041;med;high;4;4;big;low;diesel;222;unacc
1042;med;high;4;4;big;med;petrol;126;acc
1043;med;high;4;4;big;high;diesel;286;acc
1044;med;high;4;more;small;low;electric;208;unacc
1045;med;high;4;more;small;med;petrol;302;unacc
1046;med;high;4;more;small;high;electric;222;acc
1047;med;high;4;more;med;low;petrol;264;unacc
1048;med;high;4;more;med;med;diesel;129;acc
1049;med;high;4;more;med;high;hybrid;312;acc
1050;med;high;4;more;big;low;hybrid;241;unacc
1051;med;high;4;more;big;med;electric;107;acc
1052;med;high;4;more;big;high;hybrid;117;acc
1053;med;high;5more;2;small;low;hybrid;178;unacc
1054;med;high;5more;2;small;med;electric;166;unacc
1055;med;high;5more;2;small;high;hybrid;316;unacc
1056;med;high;5more;2;med;low;hybrid;298;unacc
1057;med;high;5more;2;med;med;hybrid;213;unacc
1058;med;high;5more;2;med;high;petrol;218;unacc
1059;med;high;5more;2;big;low;diesel;191;unacc
1060;med;high;5more;2;big;med;hybrid;156;unacc
1061;med;high;5more;2;big;high;hybrid;123;unacc
1062;med;high;5more;4;small;low;electric;267;unacc
1063;med;high;5more;4;small;med;hybrid;293;unacc
1064;med;high;5more;4;small;high;petrol;317;acc
1065;med;high;5more;4;med;low;hybrid;348;unacc
1066;med;high;5more;4;med;med;diesel;215;acc
1067;med;high;5more;4;med;high;diesel;247;acc
1068;med;high;5more;4;big;low;petrol;114;unacc
1069;med;high;5more;4;big;med;electric;320;acc
1070;med;high;5more;4;big;high;diesel;298;acc
1071;med;high;5more;more;small;low;diesel;277;unacc
1072;med;high;5more;more;small;med;hybrid;298;unacc
1073;med;high;5more;more;small;high;petrol;207;acc
1074;med;high;5more;more;med;low;diesel;218;unacc
1075;med;high;5more;more;med;med;hybrid;155;acc
1076;med;high;5more;more;med;high;petrol;280;acc
1077;med;high;5more;more;big;low;hybrid;207;unacc
1078;med;high;5more;more;big;med;electric;265;acc
1079;med;high;5more;more;big;high;electric;214;acc
1080;med;med;2;2;small;low;diesel;178;unacc
1081;med;med;2;2;small;med;petrol;253;unacc
1082;med;med;2;2;small;high;diesel;280;unacc
1083;med;med;2;2;med;low;electric;333;unacc
1084;med;med;2;2;med;med;petrol;162;unacc
1085;med;med;2;2;med;high;petrol;287;unacc
1086;med;med;2;2;big;low;petrol;336;unacc
1087;med;med;2;2;big;med;diesel;244;unacc
1088;med;med;2;2;big;high;hybrid;268;unacc
1089;med;med;2;4;small;low;petrol;207;unacc
1090;med;med;2;4;small;med;electric;329;acc
1091;med;med;2;4;small;high;diesel;156;acc
1092;med;med;2;4;med;low;diesel;318;unacc
1093;med;med;2;4;med;med;electric;337;acc
1094;med;med;2;4;med;high;hybrid;269;acc
1095;med;med;2;4;big;low;petrol;302;unacc
1096;med;med;2;4;big;med;hybrid;133;acc
1097;med;med;2;4;big;high;hybrid;192;vgood
1098;med;med;2;more;small;low;electric;275;unacc
1099;med;med;2;more;small;med;petrol;240;unacc
1100;med;med;2;more;small;high;hybrid;254;unacc
1101;med;med;2;more;med;low;diesel;308;unacc
1102;med;med;2;more;med;med;hybrid;189;acc
1103;med;med;2;more;med;high;diesel;217;acc
1104;med;med;2;more;big;low;hybrid;268;unacc
1105;med;med;2;more;big;med;electric;198;acc
1106;med;med;2;more;big;high;electric;104;vgood
1107;med;med;3;2;small;low;hybrid;325;unacc
1108;med;med;3;2;small;med;electric;120;unacc
1109;med;med;3;2;small;high;hybrid;337;unacc
1110;med;med;3;2;med;low;diesel;140;unacc
1111;med;med;3;2;med;med;hybrid;278;unacc
1112;med;med;3;2;med;high;hybrid;272;unacc
1113;med;med;3;2;big;low;diesel;240;unacc
1114;med;med;3;2;big;med;electric;166;unacc
1115;med;med;3;2;big;high;electric;178;unacc
1116;med;med;3;4;small;low;electric;318;unacc
1117;med;med;3;4;small;med;petrol;218;acc
1118;med;med;3;4;small;high;diesel;226;acc
1119;med;med;3;4;med;low;petrol;103;unacc
1120;med;med;3;4;med;med;diesel;236;acc
1121;med;med;3;4;med;high;diesel;317;acc
1122;med;med;3;4;big;low;diesel;302;unacc
1123;med;med;3;4;big;med;diesel;153;acc
1124;med;med;3;4;big;high;diesel;136;vgood
1125;med;med;3;more;small;low;hybrid;168;unacc
1126;med;med;3;more;small;med;petrol;258;acc
1127;med;med;3;more;small;high;hybrid;234;acc
1128;med;med;3;more;med;low;electric;168;unacc
1129;med;med;3;more;med;med;hybrid;278;acc
1130;med;med;3;more;med;high;petrol;201;vgood
1131;med;med;3;more;big;low;petrol;167;unacc
1132;med;med;3;more;big;med;electric;263;acc
1133;med;med;3;more;big;high;hybrid;347;vgood
1134;med;med;4;2;small;low;diesel;300;unacc
1135;med;med;4;2;small;med;hybrid;315;unacc
1136;med;med;4;2;small;high;electric;277;unacc
1137;med;med;4;2;med;low;electric;130;unacc
1138;med;med;4;2;med;med;electric;292;unacc
1139;med;med;4;2;med;high;diesel;235;unacc
1140;med;med;4;2;big;low;electric;326;unacc
1141;med;med;4;2;big;med;petrol;220;unacc
1142;med;med;4;2;big;high;diesel;280;unacc
1143;med;med;4;4;small;low;diesel;120;unacc
1144;med;med;4;4;small;med;diesel;129;acc
1145;med;med;4;4;small;high;electric;209;acc
1146;med;med;4;4;med;low;hybrid;191;unacc
1147;med;med;4;4;med;med;petrol;164;acc
1148;med;med;4;4;med;high;diesel;190;vgood
1149;med;med;4;4;big;low;hybrid;102;unacc
1150;med;med;4;4;big;med;hybrid;321;acc
1151;med;med;4;4;big;high;petrol;128;vgood
1152;med;med;4;more;small;low;diesel;274;unacc
1153;med;med;4;more;small;med;petrol;284;acc
1154;med;med;4;more;small;high;petrol;137;acc
1155;med;med;4;more;med;low;petrol;151;unacc
1156;med;med;4;more;med;med;petrol;205;acc
1157;med;med;4;more;med;high;petrol;180;vgood
1158;med;med;4;more;big;low;diesel;143;unacc
1159;med;med;4;more;big;med;hybrid;319;acc
1160;med;med;4;more;big;high;electric;191;vgood
1161;med;med;5more;2;small;low;hybrid;186;unacc
1162;med;med;5more;2;small;med;petrol;322;unacc
1163;med;med;5more;2;small;high;petrol;337;unacc
1164;med;med;5more;2;med;low;electric;174;unacc
1165;med;med;5more;2;med;med;electric;195;unacc
1166;med;med;5more;2;med;high;electric;192;unacc
1167;med;med;5more;2;big;low;diesel;109;unacc
1168;med;med;5more;2;big;med;hybrid;341;unacc
1169;med;med;5more;2;big;high;electric;300;unacc
1170;med;med;5more;4;small;low;electric;183;unacc
1171;med;med;5more;4;small;med;hybrid;137;acc
1172;med;med;5more;4;small;high;petrol;224;acc
1173;med;med;5more;4;med;low;diesel;123;unacc
1174;med;med;5more;4;med;med;diesel;213;acc
1175;med;med;5more;4;med;high;electric;100;vgood
1176;med;med;5more;4;big;low;electric;163;unacc
1177;med;med;5more;4;big;med;petrol;229;acc
1178;med;med;5more;4;big;high;diesel;254;vgood
1179;med;med;5more;more;small;low;diesel;332;unacc
1180;med;med;5more;more;small;med;petrol;281;acc
1181;med;med;5more;more;small;high;hybrid;100;acc
1182;med;med;5more;more;med;low;petrol;252;unacc
1183;med;med;5more;more;med;med;hybrid;308;acc
1184;med;med;5more;more;med;high;diesel;232;vgood
1185;med;med;5more;more;big;low;hybrid;344;unacc
1186;med;med;5more;more;big;med;petrol;206;acc
1187;med;med;5more;more;big;high;diesel;115;vgood
1188;med;low;2;2;small;low;petrol;202;unacc
1189;med;low;2;2;small;med;petrol;221;unacc
1190;med;low;2;2;small;high;petrol;327;unacc
1191;med;low;2;2;med;low;diesel;197;unacc
1192;med;low;2;2;med;med;petrol;298;unacc
1193;med;low;2;2;med;high;diesel;136;unacc
1194;med;low;2;2;big;low;electric;135;unacc
1195;med;low;2;2;big;med;hybrid;228;unacc
1196;med;low;2;2;big;high;electric;100;unacc
1197;med;low;2;4;small;low;hybrid;198;unacc
1198;med;low;2;4;small;med;petrol;278;acc
1199;med;low;2;4;small;high;diesel;311;good
1200;med;low;2;4;med;low;petrol;237;unacc
1201;med;low;2;4;med;med;diesel;310;acc
1202;med;low;2;4;med;high;petrol;262;good
1203;med;low;2;4;big;low;diesel;323;unacc
1204;med;low;2;4;big;med;diesel;329;good
1205;med;low;2;4;big;high;electric;125;vgood
1206;med;low;2;more;small;low;hybrid;340;unacc
1207;med;low;2;more;small;med;hybrid;288;unacc
1208;med;low;2;more;small;high;petrol;198;unacc
1209;med;low;2;more;med;low;hybrid;348;unacc
1210;med;low;2;more;med;med;hybrid;171;acc
1211;med;low;2;more;med;high;electric;221;good
1212;med;low;2;more;big;low;petrol;255;unacc
1213;med;low;2;more;big;med;diesel;311;good
1214;med;low;2;more;big;high;diesel;123;vgood
1215;med;low;3;2;small;low;diesel;157;unacc
1216;med;low;3;2;small;med;diesel;323;unacc
1217;med;low;3;2;small;high;electric;261;unacc
1218;med;low;3;2;med;low;diesel;306;unacc
1219;med;low;3;2;med;med;hybrid;273;unacc
1220;med;low;3;2;med;high;electric;108;unacc
1221;med;low;3;2;big;low;petrol;252;unacc
1222;med;low;3;2;big;med;diesel;287;unacc
1223;med;low;3;2;big;high;diesel;252;unacc
1224;med;low;3;4;small;low;electric;284;unacc
1225;med;low;3;4;small;med;hybrid;212;acc
1226;med;low;3;4;small;high;hybrid;133;good
1227;med;low;3;4;med;low;hybrid;298;unacc
1228;med;low;3;4;med;med;petrol;225;acc
1229;med;low;3;4;med;high;diesel;287;good
1230;med;low;3;4;big;low;diesel;198;unacc
1231;med;low;3;4;big;med;electric;242;good
1232;med;low;3;4;big;high;electric;293;vgood
1233;med;low;3;more;small;low;hybrid;124;unacc
1234;med;low;3;more;small;med;petrol;217;acc
1235;med;low;3;more;small;high;electric;295;good
1236;med;low;3;more;med;low;electric;170;unacc
1237;med;low;3;more;med;med;hybrid;297;good
1238;med;low;3;more;med;high;diesel;237;vgood
1239;med;low;3;more;big;low;petrol;213;unacc
1240;med;low;3;more;big;med;diesel;240;good
1241;med;low;3;more;big;high;petrol;340;vgood
1242;med;low;4;2;small;low;electric;326;unacc
1243;med;low;4;2;small;med;hybrid;153;unacc
1244;med;low;4;2;small;high;diesel;309;unacc
1245;med;low;4;2;med;low;hybrid;144;unacc
1246;med;low;4;2;med;med;diesel;157;unacc
1247;med;low;4;2;med;high;diesel;125;unacc
1248;med;low;4;2;big;low;petrol;257;unacc
1249;med;low;4;2;big;med;hybrid;243;unacc
1250;med;low;4;2;big;high;petrol;345;unacc
1251;med;low;4;4;small;low;diesel;305;unacc
1252;med;low;4;4;small;med;diesel;103;acc
1253;med;low;4;4;small;high;hybrid;303;good
1254;med;low;4;4;med;low;hybrid;128;unacc
1255;med;low;4;4;med;med;diesel;123;good
1256;med;low;4;4;med;high;electric;262;vgood
1257;med;low;4;4;big;low;hybrid;242;unacc
1258;med;low;4;4;big;med;petrol;175;good
1259;med;low;4;4;big;high;electric;191;vgood
1260;med;low;4;more;small;low;petrol;255;unacc
1261;med;low;4;more;small;med;petrol;167;acc
1262;med;low;4;more;small;high;hybrid;147;good
1263;med;low;4;more;med;low;hybrid;104;unacc
1264;med;low;4;more;med;med;petrol;104;good
1265;med;low;4;more;med;high;hybrid;308;vgood
1266;med;low;4;more;big;low;petrol;297;unacc
1267;med;low;4;more;big;med;diesel;157;good
1268;med;low;4;more;big;high;petrol;286;vgood
1269;med;low;5more;2;small;low;electric;178;unacc
1270;med;low;5more;2;small;med;hybrid;329;unacc
1271;med;low;5more;2;small;high;electric;245;unacc
1272;med;low;5more;2;med;low;diesel;157;unacc
1273;med;low;5more;2;med;med;hybrid;161;unacc
1274;med;low;5more;2;med;high;hybrid;241;unacc
1275;med;low;5more;2;big;low;hybrid;183;unacc
1276;med;low;5more;2;big;med;electric;191;unacc
1277;med;low;5more;2;big;high;hybrid;209;unacc
1278;med;low;5more;4;small;low;hybrid;339;unacc
1279;med;low;5more;4;small;med;electric;336;acc
1280;med;low;5more;4;small;high;hybrid;300;good
1281;med;low;5more;4;med;low;hybrid;313;unacc
1282;med;low;5more;4;med;med;hybrid;105;good
1283;med;low;5more;4;med;high;diesel;303;vgood
1284;med;low;5more;4;big;low;hybrid;133;unacc
1285;med;low;5more;4;big;med;petrol;184;good
1286;med;low;5more;4;big;high;electric;108;vgood
1287;med;low;5more;more;small;low;electric;145;unacc
1288;med;low;5more;more;small;med;hybrid;348;acc
1289;med;low;5more;more;small;high;diesel;101;good
1290;med;low;5more;more;med;low;diesel;349;unacc
1291;med;low;5more;more;med;med;diesel;238;good
1292;med;low;5more;more;med;high;hybrid;155;vgood
1293;med;low;5more;more;big;low;diesel;120;unacc
1294;med;low;5more;more;big;med;petrol;166;good
1295;med;low;5more;more;big;high;hybrid;168;vgood
1296;low;vhigh;2;2;small;low;electric;207;unacc
1297;low;vhigh;2;2;small;med;hybrid;318;unacc
1298;low;vhigh;2;2;small;high;hybrid;197;unacc
1299;low;vhigh;2;2;med;low;electric;198;unacc
1300;low;vhigh;2;2;med;med;petrol;140;unacc
1301;low;vhigh;2;2;med;high;petrol;212;unacc
1302;low;vhigh;2;2;big;low;diesel;339;unacc
1303;low;vhigh;2;2;big;med;electric;301;unacc
1304;low;vhigh;2;2;big;high;electric;317;unacc
1305;low;vhigh;2;4;small;low;diesel;340;unacc
1306;low;vhigh;2;4;small;med;diesel;141;unacc
1307;low;vhigh;2;4;small;high;electric;166;acc
1308;low;vhigh;2;4;med;low;diesel;316;unacc
1309;low;vhigh;2;4;med;med;hybrid;183;unacc
1310;low;vhigh;2;4;med;high;diesel;326;acc
1311;low;vhigh;2;4;big;low;diesel;118;unacc
1312;low;vhigh;2;4;big;med;hybrid;279;acc
1313;low;vhigh;2;4;big;high;hybrid;191;acc
1314;low;vhigh;2;more;small;low;electric;258;unacc
1315;low;vhigh;2;more;small;med;hybrid;349;unacc
1316;low;vhigh;2;more;small;high;diesel;204;unacc
1317;low;vhigh;2;more;med;low;electric;211;unacc
1318;low;vhigh;2;more;med;med;diesel;281;unacc
1319;low;vhigh;2;more;med;high;petrol;290;acc
1320;low;vhigh;2;more;big;low;hybrid;125;unacc
1321;low;vhigh;2;more;big;med;diesel;250;acc
1322;low;vhigh;2;more;big;high;diesel;226;acc
1323;low;vhigh;3;2;small;low;hybrid;181;unacc
1324;low;vhigh;3;2;small;med;hybrid;342;unacc
1325;low;vhigh;3;2;small;high;diesel;297;unacc
1326;low;vhigh;3;2;med;low;petrol;329;unacc
1327;low;vhigh;3;2;med;med;petrol;126;unacc
1328;low;vhigh;3;2;med;high;electric;182;unacc
1329;low;vhigh;3;2;big;low;hybrid;338;unacc
1330;low;vhigh;3;2;big;med;petrol;237;unacc
1331;low;vhigh;3;2;big;high;petrol;196;unacc
1332;low;vhigh;3;4;small;low;hybrid;176;unacc
1333;low;vhigh;3;4;small;med;diesel;169;unacc
1334;low;vhigh;3;4;small;high;electric;319;acc
1335;low;vhigh;3;4;med;low;hybrid;224;unacc
1336;low;vhigh;3;4;med;med;hybrid;251;unacc
1337;low;vhigh;3;4;med;high;hybrid;189;acc
1338;low;vhigh;3;4;big;low;petrol;257;unacc
1339;low;vhigh;3;4;big;med;electric;266;acc
1340;low;vhigh;3;4;big;high;hybrid;180;acc
1341;low;vhigh;3;more;small;low;petrol;103;unacc
1342;low;vhigh;3;more;small;med;hybrid;145;unacc
1343;low;vhigh;3;more;small;high;diesel;303;acc
1344;low;vhigh;3;more;med;low;diesel;254;unacc
1345;low;vhigh;3;more;med;med;petrol;161;acc
1346;low;vhigh;3;more;med;high;hybrid;168;acc
1347;low;vhigh;3;more;big;low;petrol;342;unacc
1348;low;vhigh;3;more;big;med;electric;341;acc
1349;low;vhigh;3;more;big;high;electric;192;acc
1350;low;vhigh;4;2;small;low;petrol;319;unacc
1351;low;vhigh;4;2;small;med;hybrid;186;unacc
1352;low;vhigh;4;2;small;high;diesel;341;unacc
1353;low;vhigh;4;2;med;low;diesel;107;unacc
1354;low;vhigh;4;2;med;med;electric;275;unacc
1355;low;vhigh;4;2;med;high;electric;284;unacc
1356;low;vhigh;4;2;big;low;electric;131;unacc
1357;low;vhigh;4;2;big;med;petrol;150;unacc
1358;low;vhigh;4;2;big;high;petrol;335;unacc
1359;low;vhigh;4;4;small;low;electric;173;unacc
1360;low;vhigh;4;4;small;med;diesel;309;unacc
1361;low;vhigh;4;4;small;high;electric;209;acc
1362;low;vhigh;4;4;med;low;electric;328;unacc
1363;low;vhigh;4;4;med;med;petrol;349;acc
1364;low;vhigh;4;4;med;high;diesel;129;acc
1365;low;vhigh;4;4;big;low;electric;228;unacc
1366;low;vhigh;4;4;big;med;hybrid;316;acc
1367;low;vhigh;4;4;big;high;electric;191;acc
1368;low;vhigh;4;more;small;low;electric;244;unacc
1369;low;vhigh;4;more;small;med;diesel;206;unacc
1370;low;vhigh;4;more;small;high;hybrid;319;acc
1371;low;vhigh;4;more;med;low;diesel;115;unacc
1372;low;vhigh;4;more;med;med;diesel;163;acc
1373;low;vhigh;4;more;med;high;diesel;341;acc
1374;low;vhigh;4;more;big;low;hybrid;230;unacc
1375;low;vhigh;4;more;big;med;hybrid;213;acc
1376;low;vhigh;4;more;big;high;petrol;123;acc
1377;low;vhigh;5more;2;small;low;diesel;201;unacc
1378;low;vhigh;5more;2;small;med;hybrid;257;unacc
1379;low;vhigh;5more;2;small;high;electric;319;unacc
1380;low;vhigh;5more;2;med;low;electric;246;unacc
1381;low;vhigh;5more;2;med;med;diesel;237;unacc
1382;low;vhigh;5more;2;med;high;diesel;339;unacc
1383;low;vhigh;5more;2;big;low;diesel;337;unacc
1384;low;vhigh;5more;2;big;med;hybrid;348;unacc
1385;low;vhigh;5more;2;big;high;diesel;165;unacc
1386;low;vhigh;5more;4;small;low;diesel;262;unacc
1387;low;vhigh;5more;4;small;med;diesel;121;unacc
1388;low;vhigh;5more;4;small;high;diesel;149;acc
1389;low;vhigh;5more;4;med;low;hybrid;140;unacc
1390;low;vhigh;5more;4;med;med;diesel;292;acc
1391;low;vhigh;5more;4;med;high;hybrid;326;acc
1392;low;vhigh;5more;4;big;low;petrol;279;unacc
1393;low;vhigh;5more;4;big;med;hybrid;266;acc
1394;low;vhigh;5more;4;big;high;diesel;290;acc
1395;low;vhigh;5more;more;small;low;diesel;245;unacc
1396;low;vhigh;5more;more;small;med;diesel;204;unacc
1397;low;vhigh;5more;more;small;high;hybrid;322;acc
1398;low;vhigh;5more;more;med;low;diesel;296;unacc
1399;low;vhigh;5more;more;med;med;electric;131;acc
1400;low;vhigh;5more;more;med;high;electric;337;acc
1401;low;vhigh;5more;more;big;low;hybrid;302;unacc
1402;low;vhigh;5more;more;big;med;hybrid;121;acc
1403;low;vhigh;5more;more;big;high;diesel;110;acc
1404;low;high;2;2;small;low;petrol;208;unacc
1405;low;high;2;2;small;med;diesel;113;unacc
1406;low;high;2;2;small;high;petrol;341;unacc
1407;low;high;2;2;med;low;electric;331;unacc
1408;low;high;2;2;med;med;petrol;111;unacc
1409;low;high;2;2;med;high;hybrid;154;unacc
1410;low;high;2;2;big;low;diesel;141;unacc
1411;low;high;2;2;big;med;petrol;278;unacc
1412;low;high;2;2;big;high;diesel;275;unacc
1413;low;high;2;4;small;low;diesel;143;unacc
1414;low;high;2;4;small;med;electric;269;acc
1415;low;high;2;4;small;high;petrol;195;acc
1416;low;high;2;4;med;low;hybrid;230;unacc
1417;low;high;2;4;med;med;petrol;136;acc
1418;low;high;2;4;med;high;diesel;340;acc
1419;low;high;2;4;big;low;hybrid;190;unacc
1420;low;high;2;4;big;med;diesel;165;acc
1421;low;high;2;4;big;high;electric;167;vgood
1422;low;high;2;more;small;low;hybrid;236;unacc
1423;low;high;2;more;small;med;electric;341;unacc
1424;low;high;2;more;small;high;petrol;280;unacc
1425;low;high;2;more;med;low;hybrid;246;unacc
1426;low;high;2;more;med;med;hybrid;161;acc
1427;low;high;2;more;med;high;petrol;232;acc
1428;low;high;2;more;big;low;hybrid;327;unacc
1429;low;high;2;more;big;med;diesel;172;acc
1430;low;high;2;more;big;high;electric;208;vgood
1431;low;high;3;2;small;low;hybrid;118;unacc
1432;low;high;3;2;small;med;petrol;156;unacc
1433;low;high;3;2;small;high;hybrid;208;unacc
1434;low;high;3;2;med;low;hybrid;267;unacc
1435;low;high;3;2;med;med;petrol;337;unacc
1436;low;high;3;2;med;high;petrol;230;unacc
1437;low;high;3;2;big;low;diesel;167;unacc
1438;low;high;3;2;big;med;hybrid;346;unacc
1439;low;high;3;2;big;high;petrol;225;unacc
1440;low;high;3;4;small;low;diesel;219;unacc
1441;low;high;3;4;small;med;petrol;323;acc
1442;low;high;3;4;small;high;hybrid;314;acc
1443;low;high;3;4;med;low;diesel;339;unacc
1444;low;high;3;4;med;med;hybrid;232;acc
1445;low;high;3;4;med;high;petrol;116;acc
1446;low;high;3;4;big;low;diesel;104;unacc
1447;low;high;3;4;big;med;petrol;277;acc
1448;low;high;3;4;big;high;electric;220;vgood
1449;low;high;3;more;small;low;hybrid;283;unacc
1450;low;high;3;more;small;med;electric;272;acc
1451;low;high;3;more;small;high;hybrid;168;acc
1452;low;high;3;more;med;low;electric;149;unacc
1453;low;high;3;more;med;med;diesel;115;acc
1454;low;high;3;more;med;high;electric;284;vgood
1455;low;high;3;more;big;low;electric;309;unacc
1456;low;high;3;more;big;med;diesel;259;acc
1457;low;high;3;more;big;high;petrol;318;vgood
1458;low;high;4;2;small;low;diesel;163;unacc
1459;low;high;4;2;small;med;electric;276;unacc
1460;low;high;4;2;small;high;electric;171;unacc
1461;low;high;4;2;med;low;electric;216;unacc
1462;low;high;4;2;med;med;electric;144;unacc
1463;low;high;4;2;med;high;electric;275;unacc
1464;low;high;4;2;big;low;electric;101;unacc
1465;low;high;4;2;big;med;petrol;288;unacc
1466;low;high;4;2;big;high;petrol;104;unacc
1467;low;high;4;4;small;low;electric;335;unacc
1468;low;high;4;4;small;med;hybrid;318;acc
1469;low;high;4;4;small;high;hybrid;125;acc
1470;low;high;4;4;med;low;hybrid;119;unacc
1471;low;high;4;4;med;med;electric;338;acc
1472;low;high;4;4;med;high;electric;205;vgood
1473;low;high;4;4;big;low;hybrid;107;unacc
1474;low;high;4;4;big;med;diesel;244;acc
1475;low;high;4;4;big;high;hybrid;182;vgood
1476;low;high;4;more;small;low;diesel;173;unacc
1477;low;high;4;more;small;med;petrol;271;acc
1478;low;high;4;more;small;high;diesel;220;acc
1479;low;high;4;more;med;low;diesel;197;unacc
1480;low;high;4;more;med;med;hybrid;218;acc
1481;low;high;4;more;med;high;petrol;272;vgood
1482;low;high;4;more;big;low;hybrid;226;unacc
1483;low;high;4;more;big;med;diesel;330;acc
1484;low;high;4;more;big;high;diesel;325;vgood
1485;low;high;5more;2;small;low;hybrid;185;unacc
1486;low;high;5more;2;small;med;hybrid;105;unacc
1487;low;high;5more;2;small;high;petrol;114;unacc
1488;low;high;5more;2;med;low;petrol;316;unacc
1489;low;high;5more;2;med;med;hybrid;129;unacc
1490;low;high;5more;2;med;high;hybrid;167;unacc
1491;low;high;5more;2;big;low;petrol;138;unacc
1492;low;high;5more;2;big;med;petrol;217;unacc
1493;low;high;5more;2;big;high;electric;103;unacc
1494;low;high;5more;4;small;low;diesel;273;unacc
1495;low;high;5more;4;small;med;hybrid;274;acc
1496;low;high;5more;4;small;high;electric;160;acc
1497;low;high;5more;4;med;low;diesel;219;unacc
1498;low;high;5more;4;med;med;hybrid;143;acc
1499;low;high;5more;4;med;high;hybrid;238;vgood
1500;low;high;5more;4;big;low;electric;347;unacc
1501;low;high;5more;4;big;med;diesel;241;acc
1502;low;high;5more;4;big;high;electric;226;vgood
1503;low;high;5more;more;small;low;diesel;275;unacc
1504;low;high;5more;more;small;med;hybrid;136;acc
1505;low;high;5more;more;small;high;diesel;346;acc
1506;low;high;5more;more;med;low;diesel;120;unacc
1507;low;high;5more;more;med;med;diesel;347;acc
1508;low;high;5more;more;med;high;petrol;325;vgood
1509;low;high;5more;more;big;low;electric;232;unacc
1510;low;high;5more;more;big;med;diesel;151;acc
1511;low;high;5more;more;big;high;petrol;253;vgood
1512;low;med;2;2;small;low;petrol;236;unacc
1513;low;med;2;2;small;med;hybrid;174;unacc
1514;low;med;2;2;small;high;electric;157;unacc
1515;low;med;2;2;med;low;petrol;194;unacc
1516;low;med;2;2;med;med;electric;232;unacc
1517;low;med;2;2;med;high;petrol;145;unacc
1518;low;med;2;2;big;low;hybrid;315;unacc
1519;low;med;2;2;big;med;electric;275;unacc
1520;low;med;2;2;big;high;hybrid;299;unacc
1521;low;med;2;4;small;low;hybrid;165;unacc
1522;low;med;2;4;small;med;petrol;119;acc
1523;low;med;2;4;small;high;electric;245;good
1524;low;med;2;4;med;low;electric;298;unacc
1525;low;med;2;4;med;med;diesel;198;acc
1526;low;med;2;4;med;high;electric;112;good
1527;low;med;2;4;big;low;electric;175;unacc
1528;low;med;2;4;big;med;electric;134;good
1529;low;med;2;4;big;high;petrol;280;vgood
1530;low;med;2;more;small;low;petrol;102;unacc
1531;low;med;2;more;small;med;petrol;101;unacc
1532;low;med;2;more;small;high;hybrid;279;unacc
1533;low;med;2;more;med;low;diesel;234;unacc
1534;low;med;2;more;med;med;hybrid;277;acc
1535;low;med;2;more;med;high;petrol;295;good
1536;low;med;2;more;big;low;hybrid;203;unacc
1537;low;med;2;more;big;med;diesel;282;good
1538;low;med;2;more;big;high;petrol;304;vgood
1539;low;med;3;2;small;low;electric;259;unacc
1540;low;med;3;2;small;med;hybrid;162;unacc
1541;low;med;3;2;small;high;electric;123;unacc
1542;low;med;3;2;med;low;electric;322;unacc
1543;low;med;3;2;med;med;diesel;252;unacc
1544;low;med;3;2;med;high;diesel;276;unacc
1545;low;med;3;2;big;low;hybrid;117;unacc
1546;low;med;3;2;big;med;petrol;332;unacc
1547;low;med;3;2;big;high;electric;307;unacc
1548;low;med;3;4;small;low;electric;296;unacc
1549;low;med;3;4;small;med;petrol;188;acc
1550;low;med;3;4;small;high;diesel;216;good
1551;low;med;3;4;med;low;electric;257;unacc
1552;low;med;3;4;med;med;petrol;261;acc
1553;low;med;3;4;med;high;hybrid;282;good
1554;low;med;3;4;big;low;diesel;243;unacc
1555;low;med;3;4;big;med;petrol;102;good
1556;low;med;3;4;big;high;hybrid;250;vgood
1557;low;med;3;more;small;low;petrol;291;unacc
1558;low;med;3;more;small;med;electric;119;acc
1559;low;med;3;more;small;high;hybrid;157;good
1560;low;med;3;more;med;low;diesel;330;unacc
1561;low;med;3;more;med;med;diesel;196;good
1562;low;med;3;more;med;high;electric;129;vgood
1563;low;med;3;more;big;low;electric;228;unacc
1564;low;med;3;more;big;med;electric;251;good
1565;low;med;3;more;big;high;hybrid;137;vgood
1566;low;med;4;2;small;low;petrol;299;unacc
1567;low;med;4;2;small;med;diesel;267;unacc
1568;low;med;4;2;small;high;electric;223;unacc
1569;low;med;4;2;med;low;petrol;188;unacc
1570;low;med;4;2;med;med;diesel;189;unacc
1571;low;med;4;2;med;high;hybrid;320;unacc
1572;low;med;4;2;big;low;hybrid;303;unacc
1573;low;med;4;2;big;med;petrol;124;unacc
1574;low;med;4;2;big;high;petrol;241;unacc
1575;low;med;4;4;small;low;hybrid;234;unacc
1576;low;med;4;4;small;med;electric;230;acc
1577;low;med;4;4;small;high;hybrid;289;good
1578;low;med;4;4;med;low;diesel;300;unacc
1579;low;med;4;4;med;med;petrol;284;good
1580;low;med;4;4;med;high;hybrid;299;vgood
1581;low;med;4;4;big;low;petrol;188;unacc
1582;low;med;4;4;big;med;electric;348;good
1583;low;med;4;4;big;high;electric;306;vgood
1584;low;med;4;more;small;low;electric;219;unacc
1585;low;med;4;more;small;med;petrol;295;acc
1586;low;med;4;more;small;high;hybrid;111;good
1587;low;med;4;more;med;low;electric;204;unacc
1588;low;med;4;more;med;med;petrol;335;good
1589;low;med;4;more;med;high;petrol;291;vgood
1590;low;med;4;more;big;low;petrol;315;unacc
1591;low;med;4;more;big;med;petrol;175;good
1592;low;med;4;more;big;high;diesel;185;vgood
1593;low;med;5more;2;small;low;petrol;257;unacc
1594;low;med;5more;2;small;med;electric;179;unacc
1595;low;med;5more;2;small;high;petrol;319;unacc
1596;low;med;5more;2;med;low;electric;145;unacc
1597;low;med;5more;2;med;med;diesel;324;unacc
1598;low;med;5more;2;med;high;electric;340;unacc
1599;low;med;5more;2;big;low;hybrid;302;unacc
1600;low;med;5more;2;big;med;electric;259;unacc
1601;low;med;5more;2;big;high;diesel;146;unacc
1602;low;med;5more;4;small;low;diesel;216;unacc
1603;low;med;5more;4;small;med;hybrid;257;acc
1604;low;med;5more;4;small;high;electric;149;good
1605;low;med;5more;4;med;low;electric;175;unacc
1606;low;med;5more;4;med;med;electric;215;good
1607;low;med;5more;4;med;high;electric;189;vgood
1608;low;med;5more;4;big;low;hybrid;249;unacc
1609;low;med;5more;4;big;med;diesel;341;good
1610;low;med;5more;4;big;high;diesel;284;vgood
1611;low;med;5more;more;small;low;electric;250;unacc
1612;low;med;5more;more;small;med;petrol;260;acc
1613;low;med;5more;more;small;high;electric;225;good
1614;low;med;5more;more;med;low;electric;150;unacc
1615;low;med;5more;more;med;med;electric;129;good
1616;low;med;5more;more;med;high;electric;104;vgood
1617;low;med;5more;more;big;low;electric;209;unacc
1618;low;med;5more;more;big;med;hybrid;270;good
1619;low;med;5more;more;big;high;diesel;288;vgood
1620;low;low;2;2;small;low;petrol;226;unacc
1621;low;low;2;2;small;med;petrol;324;unacc
1622;low;low;2;2;small;high;petrol;124;unacc
1623;low;low;2;2;med;low;petrol;311;unacc
1624;low;low;2;2;med;med;petrol;263;unacc
1625;low;low;2;2;med;high;hybrid;149;unacc
1626;low;low;2;2;big;low;hybrid;154;unacc
1627;low;low;2;2;big;med;electric;254;unacc
1628;low;low;2;2;big;high;electric;114;unacc
1629;low;low;2;4;small;low;hybrid;163;unacc
1630;low;low;2;4;small;med;hybrid;235;acc
1631;low;low;2;4;small;high;hybrid;106;good
1632;low;low;2;4;med;low;hybrid;263;unacc
1633;low;low;2;4;med;med;diesel;309;acc
1634;low;low;2;4;med;high;hybrid;229;good
1635;low;low;2;4;big;low;diesel;304;unacc
1636;low;low;2;4;big;med;hybrid;340;good
1637;low;low;2;4;big;high;petrol;166;vgood
1638;low;low;2;more;small;low;electric;301;unacc
1639;low;low;2;more;small;med;diesel;234;unacc
1640;low;low;2;more;small;high;petrol;124;unacc
1641;low;low;2;more;med;low;petrol;247;unacc
1642;low;low;2;more;med;med;diesel;112;acc
1643;low;low;2;more;med;high;petrol;139;good
1644;low;low;2;more;big;low;petrol;289;unacc
1645;low;low;2;more;big;med;diesel;339;good
1646;low;low;2;more;big;high;hybrid;110;vgood
1647;low;low;3;2;small;low;hybrid;289;unacc
1648;low;low;3;2;small;med;petrol;154;unacc
1649;low;low;3;2;small;high;electric;131;unacc
1650;low;low;3;2;med;low;electric;102;unacc
1651;low;low;3;2;med;med;electric;221;unacc
1652;low;low;3;2;med;high;diesel;242;unacc
1653;low;low;3;2;big;low;petrol;346;unacc
1654;low;low;3;2;big;med;petrol;285;unacc
1655;low;low;3;2;big;high;electric;236;unacc
1656;low;low;3;4;small;low;hybrid;117;unacc
1657;low;low;3;4;small;med;electric;271;acc
1658;low;low;3;4;small;high;diesel;138;good
1659;low;low;3;4;med;low;petrol;330;unacc
1660;low;low;3;4;med;med;electric;331;acc
1661;low;low;3;4;med;high;petrol;209;good
1662;low;low;3;4;big;low;hybrid;293;unacc
1663;low;low;3;4;big;med;hybrid;205;good
1664;low;low;3;4;big;high;diesel;275;vgood
1665;low;low;3;more;small;low;hybrid;222;unacc
1666;low;low;3;more;small;med;hybrid;320;acc
1667;low;low;3;more;small;high;hybrid;304;good
1668;low;low;3;more;med;low;hybrid;102;unacc
1669;low;low;3;more;med;med;petrol;128;good
1670;low;low;3;more;med;high;diesel;308;vgood
1671;low;low;3;more;big;low;diesel;330;unacc
1672;low;low;3;more;big;med;petrol;307;good
1673;low;low;3;more;big;high;diesel;252;vgood
1674;low;low;4;2;small;low;hybrid;137;unacc
1675;low;low;4;2;small;med;electric;247;unacc
1676;low;low;4;2;small;high;hybrid;302;unacc
1677;low;low;4;2;med;low;hybrid;223;unacc
1678;low;low;4;2;med;med;electric;292;unacc
1679;low;low;4;2;med;high;electric;327;unacc
1680;low;low;4;2;big;low;petrol;219;unacc
1681;low;low;4;2;big;med;electric;185;unacc
1682;low;low;4;2;big;high;hybrid;224;unacc
1683;low;low;4;4;small;low;hybrid;315;unacc
1684;low;low;4;4;small;med;hybrid;235;acc
1685;low;low;4;4;small;high;petrol;330;good
1686;low;low;4;4;med;low;petrol;207;unacc
1687;low;low;4;4;med;med;diesel;208;good
1688;low;low;4;4;med;high;electric;285;vgood
1689;low;low;4;4;big;low;petrol;200;unacc
1690;low;low;4;4;big;med;hybrid;199;good
1691;low;low;4;4;big;high;diesel;153;vgood
1692;low;low;4;more;small;low;electric;222;unacc
1693;low;low;4;more;small;med;electric;241;acc
1694;low;low;4;more;small;high;petrol;175;good
1695;low;low;4;more;med;low;petrol;280;unacc
1696;low;low;4;more;med;med;diesel;291;good
1697;low;low;4;more;med;high;hybrid;233;vgood
1698;low;low;4;more;big;low;electric;256;unacc
1699;low;low;4;more;big;med;petrol;164;good
1700;low;low;4;more;big;high;petrol;299;vgood
1701;low;low;5more;2;small;low;hybrid;333;unacc
1702;low;low;5more;2;small;med;electric;183;unacc
1703;low;low;5more;2;small;high;hybrid;348;unacc
1704;low;low;5more;2;med;low;electric;108;unacc
1705;low;low;5more;2;med;med;electric;264;unacc
1706;low;low;5more;2;med;high;petrol;169;unacc
1707;low;low;5more;2;big;low;electric;271;unacc
1708;low;low;5more;2;big;med;diesel;267;unacc
1709;low;low;5more;2;big;high;electric;341;unacc
1710;low;low;5more;4;small;low;hybrid;185;unacc
1711;low;low;5more;4;small;med;petrol;262;acc
1712;low;low;5more;4;small;high;electric;313;good
1713;low;low;5more;4;med;low;electric;320;unacc
1714;low;low;5more;4;med;med;electric;166;good
1715;low;low;5more;4;med;high;hybrid;184;vgood
1716;low;low;5more;4;big;low;hybrid;339;unacc
1717;low;low;5more;4;big;med;electric;271;good
1718;low;low;5more;4;big;high;hybrid;119;vgood
1719;low;low;5more;more;small;low;hybrid;335;unacc
1720;low;low;5more;more;small;med;petrol;345;acc
1721;low;low;5more;more;small;high;hybrid;343;good
1722;low;low;5more;more;med;low;diesel;302;unacc
1723;low;low;5more;more;med;med;petrol;277;good
1724;low;low;5more;more;med;high;petrol;158;vgood
1725;low;low;5more;more;big;low;petrol;278;unacc
1726;low;low;5more;more;big;med;hybrid;330;good
1727;low;low;5more;more;big;high;petrol;306;vgood
